Device_ID,Device_Type,Usage_Hours,Internal_Temperature,Power_Cycles,Voltage_Stability,Error_Log_Count,Fan_Speed,Disk_Health,Battery_Level,Software_Status,Sensor_Calibration_Deviation,Last_Maintenance_Days_Ago,Ambient_Conditions_Risk,Operational_Status
DEV-0000,Moniteur,6669.0,31.5,32,4.47,1,,,49.2,0,1.09,275,0.49,Maintenance_Needed
DEV-0001,Respirateur,7126.3,39.6,26,2.68,1,1952.0,,86.7,0,3.63,263,0.2,Maintenance_Needed
DEV-0002,Respirateur,4891.9,34.1,33,3.25,0,1354.0,,73.5,0,2.76,57,0.02,Maintenance_Needed
DEV-0003,Respirateur,5630.9,37.7,22,4.66,2,1165.0,,60.5,0,3.62,63,0.24,Maintenance_Needed
DEV-0004,ECG,1897.8,43.2,26,0.88,0,,,,1,1.47,244,0.69,Maintenance_Needed
DEV-0005,ECG,4950.2,37.0,30,4.89,0,,,,1,0.51,298,0.68,Maintenance_Needed
DEV-0006,Respirateur,2580.4,35.6,25,3.7,1,1602.0,,91.4,0,2.96,181,0.02,Maintenance_Needed
DEV-0007,Échographe,3994.1,42.2,32,3.05,0,,0.89,,0,4.27,212,0.88,Maintenance_Needed
DEV-0008,ECG,1982.0,33.2,26,2.88,4,,,,1,4.33,0,0.65,Normal
DEV-0009,Échographe,2771.5,34.4,33,2.66,2,,0.99,,1,2.27,21,0.38,Normal
DEV-0010,Respirateur,563.0,34.2,37,1.89,1,1954.0,,30.2,1,3.12,357,0.81,Failure_Imminent
DEV-0011,Respirateur,2961.5,35.6,24,3.26,1,1330.0,,66.0,1,3.04,296,0.08,Maintenance_Needed
DEV-0012,Respirateur,8036.4,39.6,34,1.08,2,1775.0,,35.3,1,1.9,301,0.59,Failure_Imminent
DEV-0013,ECG,8450.9,38.3,25,4.93,4,,,,0,3.72,284,0.45,Maintenance_Needed
DEV-0014,IRM,4643.3,45.0,33,4.78,7,1385.0,0.51,,0,4.05,255,0.1,Out_of_Service
DEV-0015,IRM,8012.2,43.7,31,1.07,7,954.0,0.63,,0,3.49,93,0.46,Failure_Imminent
DEV-0016,Moniteur,3876.9,35.2,28,4.83,2,,,27.9,1,0.45,292,0.34,Maintenance_Needed
DEV-0017,Moniteur,2917.3,37.1,35,4.69,2,,,36.2,1,3.96,248,0.24,Maintenance_Needed
DEV-0018,IRM,7390.8,42.3,20,3.83,4,1191.0,0.74,,1,3.04,233,0.04,Maintenance_Needed
DEV-0019,Échographe,1958.4,36.7,42,3.42,2,,0.87,,1,2.07,229,0.07,Maintenance_Needed
DEV-0020,ECG,4607.3,41.6,35,0.37,2,,,,1,4.49,2,0.71,Normal
DEV-0021,ECG,4161.9,34.1,22,1.44,5,,,,1,0.03,351,0.97,Failure_Imminent
DEV-0022,ECG,4746.0,32.6,28,4.73,3,,,,0,0.79,289,0.43,Maintenance_Needed
DEV-0023,Moniteur,3937.9,30.3,36,1.3,1,,,73.9,1,0.24,247,0.43,Maintenance_Needed
DEV-0024,Échographe,6784.5,37.1,33,3.99,2,,0.92,,0,1.04,349,0.95,Failure_Imminent
DEV-0025,Respirateur,9924.5,38.1,23,0.48,2,1707.0,,71.2,0,1.04,217,0.01,Maintenance_Needed
DEV-0026,Moniteur,3192.6,40.2,34,1.28,1,,,82.7,1,2.7,132,0.34,Normal
DEV-0027,Échographe,4179.7,38.0,29,3.79,4,,0.86,,1,3.53,316,0.06,Failure_Imminent
DEV-0028,Respirateur,1918.8,38.7,28,0.36,3,1826.0,,93.2,0,3.38,228,0.51,Maintenance_Needed
DEV-0029,ECG,2279.4,33.8,27,2.55,4,,,,0,0.99,144,0.32,Maintenance_Needed
DEV-0030,Échographe,6820.8,36.6,27,1.16,2,,0.54,,1,0.59,9,0.87,Out_of_Service
DEV-0031,Moniteur,5190.3,36.2,28,0.73,1,,,56.3,0,4.93,151,0.69,Failure_Imminent
DEV-0032,IRM,7698.3,41.4,37,3.48,9,1404.0,0.79,,0,3.74,273,0.95,Failure_Imminent
DEV-0033,ECG,7392.9,35.7,30,3.44,4,,,,0,2.04,236,0.78,Maintenance_Needed
DEV-0034,IRM,5178.2,44.3,33,4.19,6,1811.0,0.87,,0,2.74,247,0.18,Failure_Imminent
DEV-0035,ECG,5672.4,35.8,28,2.75,1,,,,1,4.42,284,0.47,Maintenance_Needed
DEV-0036,Respirateur,9652.7,35.6,30,2.2,0,1904.0,,21.3,0,3.88,282,0.08,Maintenance_Needed
DEV-0037,ECG,6418.5,32.5,28,0.38,4,,,,0,3.33,158,0.37,Maintenance_Needed
DEV-0038,IRM,8708.5,47.1,29,3.9,5,1798.0,0.61,,0,2.76,326,0.37,Failure_Imminent
DEV-0039,Échographe,5031.2,38.9,28,4.62,3,,0.55,,1,1.82,183,0.33,Out_of_Service
DEV-0040,Respirateur,7920.8,35.5,34,4.71,1,1301.0,,64.4,1,1.78,195,0.89,Maintenance_Needed
DEV-0041,Échographe,633.2,34.1,35,3.52,3,,0.92,,1,4.82,284,0.85,Failure_Imminent
DEV-0042,IRM,292.3,42.6,31,1.66,7,1487.0,0.68,,1,2.2,212,0.32,Failure_Imminent
DEV-0043,Échographe,8574.1,36.7,28,2.91,2,,0.6,,0,3.29,281,0.18,Maintenance_Needed
DEV-0044,IRM,7510.4,42.5,33,3.63,2,1445.0,0.99,,1,1.41,258,0.62,Maintenance_Needed
DEV-0045,Respirateur,1441.6,32.5,29,3.53,3,1310.0,,52.5,0,2.81,19,0.11,Maintenance_Needed
DEV-0046,Moniteur,5996.4,35.1,23,2.81,2,,,74.0,1,4.9,11,0.19,Failure_Imminent
DEV-0047,Respirateur,5058.3,37.7,29,2.41,2,2132.0,,88.3,1,2.89,25,0.73,Normal
DEV-0048,Moniteur,1305.3,34.0,33,2.51,2,,,25.9,0,2.63,255,0.09,Maintenance_Needed
DEV-0049,Échographe,8941.0,31.3,29,4.71,4,,0.54,,0,4.4,237,0.47,Out_of_Service
DEV-0050,Moniteur,194.1,39.1,30,3.86,0,,,25.1,0,3.0,120,0.78,Maintenance_Needed
DEV-0051,ECG,6828.1,38.4,28,3.71,2,,,,0,0.53,325,0.75,Failure_Imminent
DEV-0052,Échographe,2120.5,33.6,41,4.47,7,,0.6,,0,3.82,289,0.22,Failure_Imminent
DEV-0053,Moniteur,2267.0,39.9,36,4.03,3,,,78.1,1,1.22,161,0.94,Normal
DEV-0054,IRM,5665.1,45.5,26,0.95,1,1731.0,0.82,,0,0.61,236,0.76,Maintenance_Needed
DEV-0055,Échographe,8705.9,36.7,38,1.33,0,,0.9,,0,1.61,13,0.2,Maintenance_Needed
DEV-0056,Échographe,4288.2,33.2,27,2.87,2,,0.83,,0,4.41,116,0.45,Maintenance_Needed
DEV-0057,Respirateur,906.4,35.0,33,1.57,4,1681.0,,78.6,0,1.5,96,0.97,Maintenance_Needed
DEV-0058,ECG,8489.3,35.9,30,3.78,2,,,,1,4.64,325,0.83,Failure_Imminent
DEV-0059,Moniteur,8433.5,40.2,35,1.89,3,,,64.7,1,4.0,222,0.36,Maintenance_Needed
DEV-0060,Échographe,7445.0,39.9,15,2.19,4,,0.59,,0,0.82,343,0.64,Out_of_Service
DEV-0061,Moniteur,8723.5,36.4,31,4.41,0,,,49.5,1,3.18,286,0.52,Maintenance_Needed
DEV-0062,Échographe,4395.9,33.2,24,2.09,4,,0.98,,1,3.0,80,0.88,Normal
DEV-0063,Moniteur,626.7,41.4,36,1.97,0,,,62.8,1,2.0,155,0.82,Normal
DEV-0064,IRM,6074.1,45.6,32,4.47,3,1571.0,0.67,,1,1.48,141,0.01,Normal
DEV-0065,Échographe,3015.9,32.5,26,4.02,3,,0.91,,0,1.64,37,0.95,Maintenance_Needed
DEV-0066,ECG,8197.1,37.4,25,1.77,1,,,,0,2.04,313,0.06,Failure_Imminent
DEV-0067,Échographe,9352.3,38.4,29,1.19,2,,0.88,,1,2.57,105,0.24,Normal
DEV-0068,IRM,1862.2,48.8,33,0.11,3,1418.0,0.98,,1,0.94,146,0.12,Normal
DEV-0069,Échographe,1651.3,40.0,31,1.12,0,,0.84,,0,1.08,358,0.59,Failure_Imminent
DEV-0070,Échographe,7014.6,40.8,30,2.82,2,,0.91,,1,0.37,349,0.27,Failure_Imminent
DEV-0071,Échographe,6227.7,38.0,28,2.0,4,,0.85,,0,0.35,345,0.76,Failure_Imminent
DEV-0072,IRM,800.7,42.5,31,0.27,8,1915.0,0.52,,1,2.66,106,0.43,Out_of_Service
DEV-0073,Échographe,998.8,33.3,26,2.3,1,,0.67,,1,3.77,10,0.88,Normal
DEV-0074,Échographe,8487.2,40.0,36,2.33,3,,0.62,,0,1.47,348,0.99,Failure_Imminent
DEV-0075,ECG,8067.0,42.6,33,0.54,4,,,,0,0.75,176,0.1,Maintenance_Needed
DEV-0076,Échographe,7720.1,38.0,26,2.84,2,,0.96,,1,0.12,215,0.69,Maintenance_Needed
DEV-0077,Respirateur,2777.3,34.8,24,3.2,1,1451.0,,56.2,0,2.47,334,0.59,Failure_Imminent
DEV-0078,Échographe,3700.0,37.6,32,2.23,4,,0.75,,1,4.93,25,0.9,Failure_Imminent
DEV-0079,IRM,7841.5,42.7,33,3.08,4,1426.0,0.72,,0,1.91,319,0.05,Failure_Imminent
DEV-0080,ECG,7726.9,38.5,30,4.54,3,,,,1,0.88,156,0.35,Normal
DEV-0081,Respirateur,6355.8,34.7,36,3.32,6,1863.0,,82.4,0,3.07,35,0.23,Failure_Imminent
DEV-0082,Respirateur,4925.3,37.9,38,2.94,2,1381.0,,30.3,1,1.78,91,0.5,Normal
DEV-0083,Moniteur,4539.8,43.8,50,0.15,1,,,28.4,0,3.23,177,0.56,Maintenance_Needed
DEV-0084,Moniteur,6764.4,42.4,27,1.02,1,,,71.8,1,2.78,25,0.92,Normal
DEV-0085,Respirateur,6365.5,38.2,36,1.14,2,1509.0,,27.9,1,2.55,331,0.35,Failure_Imminent
DEV-0086,IRM,8673.7,45.4,36,1.27,8,1377.0,0.94,,0,4.61,156,0.42,Failure_Imminent
DEV-0087,IRM,8336.9,48.2,32,2.52,1,1427.0,0.75,,0,1.16,126,0.35,Maintenance_Needed
DEV-0088,IRM,5011.1,48.5,24,0.27,6,1364.0,0.51,,1,3.57,49,0.3,Out_of_Service
DEV-0089,Échographe,1274.8,32.3,26,2.48,3,,0.97,,0,3.13,230,0.62,Maintenance_Needed
DEV-0090,Échographe,420.4,35.8,31,0.88,2,,0.77,,0,4.69,320,0.24,Failure_Imminent
DEV-0091,Moniteur,4901.2,39.7,25,4.02,2,,,58.9,1,0.14,5,0.06,Normal
DEV-0092,Respirateur,6095.2,33.5,26,2.87,1,1923.0,,42.6,1,3.21,305,0.82,Failure_Imminent
DEV-0093,ECG,5356.6,37.4,24,4.45,4,,,,1,1.79,331,0.88,Failure_Imminent
DEV-0094,ECG,7416.1,35.3,36,2.46,4,,,,0,4.46,92,0.37,Maintenance_Needed
DEV-0095,Moniteur,7781.9,40.1,32,3.68,3,,,49.6,0,0.16,334,0.3,Failure_Imminent
DEV-0096,Moniteur,6249.4,37.1,31,4.19,1,,,25.1,1,3.43,279,0.59,Maintenance_Needed
DEV-0097,IRM,9681.3,48.3,29,1.09,5,1434.0,0.59,,1,0.08,17,0.52,Out_of_Service
DEV-0098,Échographe,4408.3,37.5,31,3.1,5,,0.92,,0,4.57,92,0.55,Failure_Imminent
DEV-0099,Échographe,8853.8,34.4,34,1.64,4,,0.5,,1,0.74,171,0.35,Out_of_Service
DEV-0100,Échographe,6865.7,41.3,28,1.76,2,,0.84,,0,1.73,318,0.08,Failure_Imminent
DEV-0101,IRM,7973.9,46.8,23,2.11,6,1759.0,0.57,,1,4.13,66,0.76,Out_of_Service
DEV-0102,Respirateur,1853.1,33.8,35,3.38,0,1822.0,,85.2,0,4.6,155,0.4,Failure_Imminent
DEV-0103,IRM,9920.3,49.7,34,3.31,5,1745.0,0.75,,1,2.87,95,0.6,Normal
DEV-0104,Respirateur,966.2,36.8,21,3.58,3,1720.0,,22.4,1,2.79,259,0.19,Maintenance_Needed
DEV-0105,IRM,5688.8,44.1,31,4.74,0,1426.0,0.63,,1,3.61,57,0.13,Normal
DEV-0106,ECG,6090.3,34.1,22,1.35,1,,,,1,0.52,169,0.39,Normal
DEV-0107,Moniteur,4397.7,37.2,35,2.84,3,,,79.7,1,1.33,316,0.79,Failure_Imminent
DEV-0108,ECG,626.9,39.6,28,2.19,1,,,,1,3.8,273,0.32,Maintenance_Needed
DEV-0109,ECG,5740.5,36.0,34,4.83,0,,,,0,1.41,123,0.54,Maintenance_Needed
DEV-0110,IRM,2020.7,49.4,32,3.79,7,1431.0,0.8,,1,2.33,354,0.5,Failure_Imminent
DEV-0111,Respirateur,83.6,41.6,31,3.06,4,1397.0,,21.9,1,1.13,154,0.47,Normal
DEV-0112,Échographe,4541.7,35.5,23,2.65,2,,0.9,,1,2.95,290,0.35,Maintenance_Needed
DEV-0113,ECG,540.8,35.7,29,1.86,0,,,,1,0.15,137,0.3,Normal
DEV-0114,Moniteur,4256.7,35.3,20,1.43,1,,,32.2,0,3.88,159,0.58,Maintenance_Needed
DEV-0115,ECG,1370.7,34.9,35,3.17,6,,,,0,0.8,110,0.06,Failure_Imminent
DEV-0116,IRM,5028.1,42.4,33,3.13,3,1440.0,0.98,,1,3.81,137,0.52,Normal
DEV-0117,ECG,3640.1,37.7,24,3.4,5,,,,0,2.73,129,0.15,Maintenance_Needed
DEV-0118,Échographe,422.0,40.8,21,3.71,1,,0.73,,0,1.25,232,0.18,Maintenance_Needed
DEV-0119,ECG,3359.0,37.0,32,4.04,3,,,,1,1.09,145,0.82,Normal
DEV-0120,Échographe,8238.0,41.0,41,1.91,2,,0.89,,1,0.04,266,0.78,Maintenance_Needed
DEV-0121,ECG,1044.6,40.4,25,2.3,2,,,,0,3.34,182,0.29,Maintenance_Needed
DEV-0122,Échographe,861.7,42.8,33,2.61,1,,0.69,,1,0.12,56,0.54,Normal
DEV-0123,Respirateur,4132.8,35.5,27,0.27,0,1479.0,,90.1,1,1.15,149,0.11,Normal
DEV-0124,Respirateur,4686.1,32.1,36,2.75,2,1047.0,,82.3,0,0.79,261,0.1,Maintenance_Needed
DEV-0125,Échographe,9498.7,32.0,37,3.87,3,,0.59,,1,1.24,227,0.83,Out_of_Service
DEV-0126,Échographe,7924.4,39.0,35,1.55,1,,0.92,,0,4.61,74,0.55,Failure_Imminent
DEV-0127,Respirateur,5008.5,38.0,23,4.61,1,1178.0,,42.1,1,0.58,185,0.34,Maintenance_Needed
DEV-0128,Respirateur,6315.8,39.3,36,0.12,2,1696.0,,21.2,1,4.47,140,0.09,Normal
DEV-0129,ECG,2707.1,34.5,30,3.25,1,,,,1,0.87,162,0.85,Normal
DEV-0130,ECG,9295.1,43.8,44,3.47,1,,,,1,1.85,167,0.89,Normal
DEV-0131,IRM,7636.3,42.9,27,2.61,5,1411.0,0.75,,0,0.65,21,0.51,Maintenance_Needed
DEV-0132,IRM,8287.9,42.1,34,0.14,4,1648.0,0.93,,1,3.83,105,0.79,Normal
DEV-0133,Respirateur,7595.7,38.8,30,4.93,3,1597.0,,85.5,0,0.25,346,0.39,Failure_Imminent
DEV-0134,Respirateur,7156.8,36.6,19,4.49,3,1758.0,,32.9,0,4.43,113,0.75,Maintenance_Needed
DEV-0135,ECG,5541.1,36.2,27,3.07,1,,,,1,0.17,153,0.36,Normal
DEV-0136,Moniteur,3865.9,35.5,32,1.74,3,,,44.9,0,0.33,358,0.79,Failure_Imminent
DEV-0137,IRM,2766.3,45.4,30,2.17,7,1336.0,0.68,,1,1.19,102,0.58,Failure_Imminent
DEV-0138,Moniteur,5198.3,37.5,28,3.14,1,,,65.8,1,1.4,195,0.43,Maintenance_Needed
DEV-0139,Échographe,5411.7,34.5,23,4.48,2,,0.62,,1,4.87,201,0.47,Failure_Imminent
DEV-0140,Respirateur,5041.1,36.0,22,0.57,2,1700.0,,21.2,1,3.64,83,0.17,Normal
DEV-0141,Échographe,9365.5,39.8,23,1.89,1,,0.52,,0,2.21,97,0.71,Out_of_Service
DEV-0142,IRM,5216.5,47.2,33,2.54,3,1296.0,0.75,,0,2.3,274,0.13,Maintenance_Needed
DEV-0143,Moniteur,9027.5,38.8,36,3.29,4,,,26.8,1,2.7,356,0.88,Failure_Imminent
DEV-0144,ECG,1821.4,38.0,39,2.16,1,,,,0,1.98,63,0.26,Maintenance_Needed
DEV-0145,Moniteur,4290.5,35.6,35,4.96,2,,,20.9,1,2.77,206,0.43,Maintenance_Needed
DEV-0146,ECG,3360.0,36.1,31,3.43,1,,,,1,3.4,348,0.64,Failure_Imminent
DEV-0147,ECG,6159.0,37.6,30,2.85,1,,,,1,3.74,216,0.63,Maintenance_Needed
DEV-0148,ECG,5020.1,36.1,30,0.18,2,,,,0,2.14,96,0.32,Maintenance_Needed
DEV-0149,Échographe,6529.0,37.1,21,1.41,0,,0.79,,0,3.12,361,0.27,Failure_Imminent
DEV-0150,Respirateur,7146.9,39.5,25,4.06,2,2036.0,,95.7,1,2.77,360,0.65,Failure_Imminent
DEV-0151,IRM,5584.7,42.2,40,1.68,7,1279.0,0.84,,1,2.33,256,0.47,Failure_Imminent
DEV-0152,ECG,8565.2,37.9,34,3.98,2,,,,0,4.31,243,0.21,Maintenance_Needed
DEV-0153,Respirateur,3308.0,34.3,20,1.35,0,826.0,,80.8,1,0.68,126,0.39,Normal
DEV-0154,Moniteur,4985.0,38.6,28,1.06,4,,,60.8,0,0.56,347,0.86,Failure_Imminent
DEV-0155,IRM,3093.9,42.2,29,2.41,8,1666.0,0.54,,1,0.55,62,0.58,Out_of_Service
DEV-0156,IRM,3885.7,44.7,31,4.49,6,1169.0,0.56,,1,4.64,326,0.45,Out_of_Service
DEV-0157,IRM,4044.4,47.1,25,3.93,5,1686.0,0.57,,1,4.29,254,0.5,Out_of_Service
DEV-0158,IRM,9816.3,47.0,33,2.87,12,2028.0,0.69,,0,1.3,257,0.94,Out_of_Service
DEV-0159,Respirateur,22.7,38.3,21,1.77,6,1238.0,,68.4,0,0.29,247,0.89,Failure_Imminent
DEV-0160,Respirateur,520.3,32.3,28,3.77,2,1214.0,,69.6,1,2.83,235,0.41,Maintenance_Needed
DEV-0161,Moniteur,6827.3,37.1,31,0.54,3,,,60.5,0,1.02,46,1.0,Maintenance_Needed
DEV-0162,Moniteur,4915.4,33.6,34,0.49,1,,,42.4,1,3.41,304,0.26,Failure_Imminent
DEV-0163,Moniteur,1452.9,37.3,30,2.26,3,,,90.8,1,4.59,83,0.62,Failure_Imminent
DEV-0164,Moniteur,4951.6,39.9,33,0.53,1,,,78.4,0,0.64,1,0.79,Maintenance_Needed
DEV-0165,Échographe,1609.3,38.2,29,2.94,3,,0.89,,0,1.3,250,0.08,Maintenance_Needed
DEV-0166,Échographe,9796.8,34.5,35,0.4,3,,0.82,,0,0.44,233,0.48,Maintenance_Needed
DEV-0167,Échographe,6572.8,41.9,33,2.96,5,,0.57,,0,3.54,190,0.4,Out_of_Service
DEV-0168,Échographe,2899.1,38.2,27,3.12,2,,0.94,,0,3.51,160,0.12,Maintenance_Needed
DEV-0169,ECG,6436.0,36.9,32,4.44,1,,,,1,1.29,29,1.0,Normal
DEV-0170,Respirateur,1080.7,35.2,28,4.07,1,1914.0,,87.1,1,4.47,90,0.72,Normal
DEV-0171,Échographe,8169.6,30.8,26,1.79,4,,0.72,,1,2.18,169,0.18,Normal
DEV-0172,Respirateur,229.1,41.6,30,2.21,3,1653.0,,64.6,0,4.37,150,0.06,Maintenance_Needed
DEV-0173,Moniteur,2476.0,36.9,33,3.65,2,,,96.4,1,0.7,89,0.0,Normal
DEV-0174,IRM,701.2,47.2,30,4.36,7,1859.0,0.77,,0,2.86,336,0.44,Failure_Imminent
DEV-0175,ECG,7356.9,42.3,25,1.44,0,,,,1,3.03,142,0.09,Normal
DEV-0176,Échographe,6086.3,36.0,39,1.74,0,,0.69,,0,3.73,69,0.11,Maintenance_Needed
DEV-0177,Moniteur,229.5,46.5,21,0.5,2,,,41.6,0,2.37,189,0.02,Maintenance_Needed
DEV-0178,Respirateur,8915.7,34.6,28,2.54,2,1182.0,,90.8,0,2.14,41,0.69,Maintenance_Needed
DEV-0179,Respirateur,4775.7,40.3,28,4.85,6,1198.0,,57.3,1,1.11,229,0.61,Failure_Imminent
DEV-0180,IRM,4559.6,49.3,24,0.16,1,1368.0,0.62,,0,3.43,251,0.5,Maintenance_Needed
DEV-0181,Respirateur,3661.3,34.6,26,3.78,3,1070.0,,28.7,0,2.12,238,0.16,Maintenance_Needed
DEV-0182,Échographe,2926.6,38.8,40,4.96,0,,0.93,,1,1.0,282,0.92,Maintenance_Needed
DEV-0183,Moniteur,7458.3,32.7,26,2.8,2,,,77.5,1,1.54,342,0.84,Failure_Imminent
DEV-0184,Respirateur,5903.8,39.7,31,2.36,1,1159.0,,70.3,1,4.98,71,0.42,Failure_Imminent
DEV-0185,Respirateur,6700.4,39.6,29,2.64,2,1449.0,,73.1,0,1.13,147,0.61,Maintenance_Needed
DEV-0186,Respirateur,9086.8,39.2,32,2.29,0,2311.0,,29.0,1,2.59,7,0.99,Normal
DEV-0187,Échographe,6065.6,37.4,41,0.61,1,,0.59,,1,2.12,138,0.82,Out_of_Service
DEV-0188,IRM,6272.5,37.8,33,3.71,6,1364.0,0.63,,0,3.8,87,0.8,Failure_Imminent
DEV-0189,Moniteur,2376.5,35.5,28,0.43,3,,,46.8,1,0.76,326,0.76,Failure_Imminent
DEV-0190,Respirateur,9412.1,37.1,33,3.94,3,1461.0,,42.3,0,1.96,226,0.08,Maintenance_Needed
DEV-0191,Échographe,5433.0,39.5,22,0.9,2,,0.71,,1,1.0,358,0.49,Failure_Imminent
DEV-0192,ECG,8524.1,38.5,28,0.11,1,,,,1,1.11,73,0.37,Normal
DEV-0193,ECG,4805.0,35.2,30,2.03,2,,,,0,3.56,84,1.0,Maintenance_Needed
DEV-0194,Moniteur,7107.1,35.3,33,2.95,0,,,74.0,0,0.14,319,0.57,Failure_Imminent
DEV-0195,IRM,3186.6,46.3,32,2.28,6,1746.0,0.79,,0,1.75,194,0.82,Failure_Imminent
DEV-0196,Échographe,9536.3,37.1,28,2.39,2,,0.86,,1,1.71,76,0.26,Normal
DEV-0197,ECG,4649.2,39.7,33,2.18,2,,,,1,4.89,231,0.86,Failure_Imminent
DEV-0198,Échographe,317.6,38.3,29,2.35,2,,0.72,,1,1.08,172,0.07,Normal
DEV-0199,Respirateur,6787.4,39.7,42,2.61,2,1069.0,,78.6,0,4.33,257,0.6,Maintenance_Needed
DEV-0200,IRM,6385.4,40.9,35,4.08,4,1526.0,0.79,,1,2.12,193,0.2,Maintenance_Needed
DEV-0201,IRM,3981.9,42.8,29,3.71,6,1761.0,0.61,,0,1.72,140,0.69,Failure_Imminent
DEV-0202,IRM,2378.2,43.5,25,3.25,8,982.0,0.6,,0,0.79,238,0.36,Failure_Imminent
DEV-0203,Échographe,8011.2,34.1,37,2.1,2,,0.61,,1,4.32,193,0.83,Maintenance_Needed
DEV-0204,Respirateur,8258.5,40.0,36,0.6,2,1730.0,,35.7,1,0.41,109,0.67,Normal
DEV-0205,Respirateur,7360.1,36.5,27,3.32,2,1259.0,,48.5,0,3.18,240,0.37,Maintenance_Needed
DEV-0206,Échographe,7079.0,34.6,28,4.17,0,,0.59,,0,1.86,244,0.15,Out_of_Service
DEV-0207,Échographe,5275.2,40.4,35,4.08,6,,0.98,,0,3.65,176,0.45,Failure_Imminent
DEV-0208,IRM,3910.3,42.1,27,3.79,2,1237.0,0.83,,0,3.76,237,0.05,Maintenance_Needed
DEV-0209,ECG,9029.8,35.1,17,4.56,3,,,,1,3.59,304,0.21,Failure_Imminent
DEV-0210,IRM,1923.0,43.1,29,1.35,4,1041.0,0.68,,0,0.64,27,0.02,Maintenance_Needed
DEV-0211,IRM,204.5,43.4,44,4.85,5,1297.0,0.57,,1,3.24,22,0.22,Out_of_Service
DEV-0212,IRM,7387.6,45.4,36,0.84,7,1533.0,0.99,,0,2.94,258,0.21,Failure_Imminent
DEV-0213,Échographe,6987.2,37.0,31,3.28,5,,0.65,,0,1.5,260,0.21,Maintenance_Needed
DEV-0214,IRM,3193.3,42.0,39,0.18,1,1591.0,0.57,,0,0.67,52,0.37,Out_of_Service
DEV-0215,Respirateur,7232.3,42.0,37,3.64,1,1581.0,,29.3,1,2.88,31,0.45,Normal
DEV-0216,Moniteur,5048.2,39.3,32,3.99,3,,,50.7,1,4.2,318,0.01,Failure_Imminent
DEV-0217,Échographe,3267.2,38.2,36,4.65,3,,0.51,,0,1.15,315,0.6,Out_of_Service
DEV-0218,Échographe,5620.4,35.2,25,4.8,4,,0.65,,0,2.75,300,0.94,Maintenance_Needed
DEV-0219,Moniteur,2319.4,35.9,31,3.69,1,,,90.8,1,3.13,135,0.59,Normal
DEV-0220,IRM,3699.4,44.4,42,2.61,8,1737.0,0.57,,0,0.05,184,0.15,Out_of_Service
DEV-0221,Moniteur,9673.8,31.7,31,2.27,3,,,93.3,0,4.39,291,0.12,Maintenance_Needed
DEV-0222,Échographe,4079.8,35.6,36,0.97,2,,0.68,,1,2.17,168,0.58,Normal
DEV-0223,ECG,3709.8,33.4,29,1.41,0,,,,0,4.1,363,0.18,Failure_Imminent
DEV-0224,ECG,7547.1,37.8,20,2.86,3,,,,0,0.75,72,0.38,Maintenance_Needed
DEV-0225,IRM,9357.9,44.7,35,1.97,6,2051.0,0.58,,1,1.21,68,0.68,Out_of_Service
DEV-0226,ECG,1614.5,34.6,31,4.06,2,,,,1,4.52,241,0.2,Failure_Imminent
DEV-0227,IRM,5859.2,44.3,31,2.5,5,1711.0,0.93,,0,4.85,328,0.71,Failure_Imminent
DEV-0228,ECG,4831.8,30.4,35,4.5,3,,,,1,4.24,326,0.7,Failure_Imminent
DEV-0229,IRM,8820.2,46.6,27,3.35,5,1591.0,0.76,,1,4.61,230,0.86,Failure_Imminent
DEV-0230,Échographe,4336.8,36.5,29,3.12,4,,0.84,,0,1.05,164,0.6,Maintenance_Needed
DEV-0231,Respirateur,9328.4,35.5,33,3.63,2,1516.0,,86.6,1,4.98,323,0.27,Failure_Imminent
DEV-0232,Respirateur,7219.0,34.5,29,4.07,1,1603.0,,58.7,1,4.43,166,0.3,Normal
DEV-0233,Respirateur,8262.2,37.1,25,3.35,2,1241.0,,28.5,1,0.12,0,0.84,Normal
DEV-0234,IRM,2154.4,46.5,19,4.44,5,1388.0,0.54,,1,3.4,41,0.44,Out_of_Service
DEV-0235,Moniteur,310.2,35.6,28,2.34,2,,,54.6,0,1.74,16,0.7,Maintenance_Needed
DEV-0236,IRM,951.0,43.7,39,0.84,4,1297.0,0.67,,1,0.93,295,0.15,Maintenance_Needed
DEV-0237,Respirateur,1397.6,34.0,24,2.69,0,1469.0,,34.3,0,4.67,227,0.59,Failure_Imminent
DEV-0238,Moniteur,1371.0,35.8,28,2.68,2,,,23.5,1,2.01,354,0.79,Failure_Imminent
DEV-0239,IRM,2692.0,44.2,28,4.22,5,1839.0,0.69,,0,2.01,183,0.56,Maintenance_Needed
DEV-0240,Respirateur,3768.4,35.4,38,0.42,0,1150.0,,45.9,1,4.0,360,0.56,Failure_Imminent
DEV-0241,Respirateur,7025.1,37.4,29,3.76,1,1233.0,,91.2,0,1.01,240,0.38,Maintenance_Needed
DEV-0242,Respirateur,4373.8,42.3,34,2.74,3,1277.0,,88.1,1,4.73,249,0.16,Failure_Imminent
DEV-0243,ECG,1030.7,33.7,27,1.63,1,,,,0,1.9,137,0.35,Maintenance_Needed
DEV-0244,Échographe,7235.1,35.9,33,4.02,0,,0.65,,1,3.89,303,0.76,Failure_Imminent
DEV-0245,ECG,9859.3,33.7,37,1.11,1,,,,0,1.96,28,0.77,Maintenance_Needed
DEV-0246,Respirateur,2528.9,39.9,25,0.48,2,1403.0,,51.6,1,3.65,209,0.02,Maintenance_Needed
DEV-0247,Échographe,8275.2,39.5,29,1.63,0,,0.83,,0,0.21,1,0.16,Maintenance_Needed
DEV-0248,IRM,4560.9,48.5,30,2.85,5,847.0,0.92,,0,4.08,285,0.76,Maintenance_Needed
DEV-0249,IRM,4481.5,42.6,27,0.29,10,1667.0,0.53,,1,2.91,188,0.79,Out_of_Service
DEV-0250,Respirateur,5819.8,34.9,29,2.31,1,1511.0,,21.9,1,1.66,174,0.32,Normal
DEV-0251,ECG,260.5,38.9,34,4.05,3,,,,1,4.1,258,0.35,Maintenance_Needed
DEV-0252,ECG,5585.9,32.7,37,2.49,0,,,,1,2.36,279,0.37,Maintenance_Needed
DEV-0253,Échographe,415.4,36.2,35,4.89,3,,0.69,,1,0.81,263,0.18,Maintenance_Needed
DEV-0254,IRM,3285.3,44.4,33,4.95,7,1756.0,0.61,,0,1.14,14,0.86,Failure_Imminent
DEV-0255,ECG,2000.6,38.2,24,0.68,3,,,,0,3.87,190,0.72,Maintenance_Needed
DEV-0256,ECG,6335.6,35.4,35,0.35,0,,,,1,4.45,92,0.28,Normal
DEV-0257,Respirateur,9410.9,38.3,32,4.86,3,1692.0,,63.5,0,0.91,357,0.23,Failure_Imminent
DEV-0258,Échographe,2560.7,35.1,32,1.86,2,,0.95,,1,2.6,291,0.2,Maintenance_Needed
DEV-0259,Respirateur,9883.6,31.4,35,4.48,1,1280.0,,66.6,1,2.85,220,0.47,Maintenance_Needed
DEV-0260,IRM,5890.7,46.4,34,3.28,7,1605.0,0.64,,1,1.27,256,0.02,Failure_Imminent
DEV-0261,ECG,8654.5,38.9,30,3.79,1,,,,1,2.12,281,0.78,Maintenance_Needed
DEV-0262,Respirateur,1664.4,39.4,22,3.74,3,1258.0,,52.4,1,0.39,89,0.5,Normal
DEV-0263,Moniteur,3660.5,38.6,31,0.57,0,,,68.3,0,1.1,69,0.82,Maintenance_Needed
DEV-0264,IRM,9582.7,44.0,32,1.81,5,1505.0,0.66,,0,4.86,142,0.46,Failure_Imminent
DEV-0265,Échographe,1706.9,31.9,39,4.2,2,,0.68,,1,4.11,148,0.8,Normal
DEV-0266,ECG,1599.2,39.4,30,1.31,2,,,,1,3.14,131,0.44,Normal
DEV-0267,ECG,8430.3,35.2,36,4.35,3,,,,0,0.9,30,0.32,Maintenance_Needed
DEV-0268,Échographe,3933.6,31.5,31,4.24,2,,0.96,,1,0.53,112,0.97,Normal
DEV-0269,Moniteur,8935.1,36.2,31,2.8,2,,,77.6,1,1.69,14,0.08,Normal
DEV-0270,ECG,9731.1,32.9,38,2.39,0,,,,1,1.75,152,0.72,Normal
DEV-0271,Échographe,7627.7,33.5,39,1.75,1,,0.58,,1,0.66,176,0.23,Out_of_Service
DEV-0272,ECG,8133.9,38.8,29,4.53,2,,,,1,1.23,190,0.53,Maintenance_Needed
DEV-0273,Échographe,5987.6,40.6,25,0.4,2,,0.81,,1,2.68,14,0.19,Normal
DEV-0274,Moniteur,490.4,36.6,34,0.79,2,,,61.6,0,1.95,149,0.08,Maintenance_Needed
DEV-0275,IRM,3488.0,42.5,31,3.26,5,1547.0,0.51,,1,4.6,361,0.65,Out_of_Service
DEV-0276,ECG,9803.0,38.7,39,2.12,3,,,,1,2.47,56,0.01,Normal
DEV-0277,Moniteur,8645.2,41.1,30,1.8,1,,,72.7,0,1.97,242,0.59,Maintenance_Needed
DEV-0278,Respirateur,6351.8,41.0,34,3.31,1,2024.0,,93.2,1,0.99,182,0.91,Maintenance_Needed
DEV-0279,ECG,5062.8,34.1,28,1.07,4,,,,1,3.61,257,0.32,Maintenance_Needed
DEV-0280,Échographe,1498.0,38.4,21,3.62,3,,0.9,,0,4.47,294,0.94,Maintenance_Needed
DEV-0281,Échographe,3135.1,39.8,44,4.67,1,,0.99,,1,2.98,351,0.76,Failure_Imminent
DEV-0282,Échographe,2258.4,41.6,29,1.52,0,,0.73,,0,2.25,231,0.31,Maintenance_Needed
DEV-0283,IRM,1590.0,44.4,31,1.79,4,1541.0,0.95,,1,2.28,22,0.94,Normal
DEV-0284,ECG,9264.6,33.6,34,3.6,3,,,,1,0.76,223,0.54,Maintenance_Needed
DEV-0285,ECG,6484.6,38.1,22,4.97,4,,,,0,4.15,267,0.43,Maintenance_Needed
DEV-0286,ECG,7938.1,37.6,32,2.16,3,,,,1,2.98,202,0.49,Maintenance_Needed
DEV-0287,Échographe,6703.3,38.0,23,0.82,0,,0.72,,0,0.48,159,0.78,Maintenance_Needed
DEV-0288,Moniteur,3661.3,37.6,29,0.9,3,,,42.4,1,0.27,185,0.5,Maintenance_Needed
DEV-0289,ECG,3334.2,37.7,20,1.07,2,,,,0,1.03,311,0.53,Failure_Imminent
DEV-0290,IRM,6366.9,46.2,36,2.34,3,1826.0,0.95,,0,1.66,145,0.44,Maintenance_Needed
DEV-0291,ECG,1286.5,37.6,30,4.69,1,,,,0,0.12,252,0.64,Maintenance_Needed
DEV-0292,Respirateur,9854.1,35.8,46,3.38,0,1282.0,,36.5,0,4.17,222,0.22,Maintenance_Needed
DEV-0293,Respirateur,2472.8,36.9,29,4.7,2,1338.0,,27.8,0,0.35,64,0.3,Maintenance_Needed
DEV-0294,Échographe,6550.8,35.7,23,3.68,1,,0.87,,0,1.37,184,0.16,Maintenance_Needed
DEV-0295,Échographe,6096.4,35.8,25,4.41,3,,0.99,,1,3.7,291,0.46,Maintenance_Needed
DEV-0296,ECG,3476.3,43.9,27,0.47,1,,,,1,3.74,252,0.07,Maintenance_Needed
DEV-0297,ECG,8010.1,40.2,23,1.24,1,,,,0,3.11,335,0.5,Failure_Imminent
DEV-0298,Moniteur,70.6,39.4,26,3.53,4,,,81.8,1,3.12,181,0.39,Maintenance_Needed
DEV-0299,Respirateur,7371.4,37.3,30,3.95,3,1232.0,,93.3,1,0.6,302,0.98,Failure_Imminent
DEV-0300,IRM,1058.8,44.4,26,2.87,11,1517.0,0.86,,1,4.65,340,0.06,Out_of_Service
DEV-0301,Moniteur,7484.8,40.0,28,4.92,1,,,79.3,0,4.68,296,0.31,Failure_Imminent
DEV-0302,IRM,6363.7,42.2,24,4.93,4,1278.0,0.62,,0,4.48,104,0.75,Maintenance_Needed
DEV-0303,Respirateur,6156.1,37.6,32,0.39,0,1356.0,,98.1,0,0.03,46,0.7,Maintenance_Needed
DEV-0304,Échographe,6883.4,40.6,29,4.39,2,,0.62,,1,1.32,248,0.73,Maintenance_Needed
DEV-0305,IRM,1111.7,50.2,21,1.42,6,1784.0,0.66,,1,3.99,139,0.79,Failure_Imminent
DEV-0306,Respirateur,9598.8,36.7,31,2.26,2,1372.0,,87.2,0,3.66,164,0.74,Maintenance_Needed
DEV-0307,Moniteur,5427.6,37.2,31,2.81,3,,,30.1,0,3.39,275,0.95,Maintenance_Needed
DEV-0308,ECG,7514.0,39.8,26,1.84,3,,,,1,2.73,105,0.74,Normal
DEV-0309,Moniteur,6040.5,44.6,30,3.97,4,,,35.2,1,0.21,249,0.55,Maintenance_Needed
DEV-0310,ECG,4789.8,35.1,27,0.55,2,,,,0,3.61,81,0.87,Maintenance_Needed
DEV-0311,ECG,6841.8,32.1,25,3.48,0,,,,1,2.6,91,0.03,Normal
DEV-0312,Échographe,5505.2,38.0,30,2.45,4,,0.52,,0,3.3,357,0.96,Out_of_Service
DEV-0313,Moniteur,9322.5,35.6,26,0.35,1,,,37.4,1,0.16,47,0.79,Normal
DEV-0314,Moniteur,9224.5,36.9,26,3.55,2,,,53.8,1,0.51,277,0.72,Maintenance_Needed
DEV-0315,ECG,1186.9,38.0,38,4.15,3,,,,1,1.42,62,0.27,Normal
DEV-0316,ECG,3464.4,38.7,33,2.32,2,,,,0,3.86,314,0.22,Failure_Imminent
DEV-0317,Moniteur,9449.2,35.1,28,3.6,1,,,27.1,1,3.05,275,0.22,Maintenance_Needed
DEV-0318,IRM,1758.1,46.9,23,2.82,2,1385.0,0.51,,0,2.09,93,0.57,Out_of_Service
DEV-0319,ECG,3954.1,36.7,24,1.75,3,,,,0,3.2,231,0.12,Maintenance_Needed
DEV-0320,ECG,5468.4,37.7,42,2.3,3,,,,1,4.65,33,0.03,Failure_Imminent
DEV-0321,Moniteur,8946.0,35.7,33,0.26,2,,,86.4,0,3.15,276,0.29,Maintenance_Needed
DEV-0322,ECG,5621.1,38.2,28,2.14,0,,,,0,0.08,140,0.49,Maintenance_Needed
DEV-0323,ECG,8574.3,37.5,35,2.15,3,,,,0,2.38,47,0.05,Maintenance_Needed
DEV-0324,IRM,1243.2,39.7,31,4.82,8,1507.0,0.76,,1,4.77,225,0.23,Failure_Imminent
DEV-0325,ECG,4206.8,32.2,35,3.59,3,,,,0,0.19,181,0.95,Maintenance_Needed
DEV-0326,Échographe,9899.9,35.0,32,4.41,3,,0.69,,0,2.29,293,0.81,Maintenance_Needed
DEV-0327,Échographe,5180.6,35.2,23,4.56,5,,0.84,,1,1.7,153,0.65,Normal
DEV-0328,ECG,797.0,39.4,37,3.93,2,,,,1,1.51,219,0.69,Maintenance_Needed
DEV-0329,Respirateur,4067.9,35.6,34,3.19,0,1520.0,,41.1,1,4.39,185,0.45,Maintenance_Needed
DEV-0330,Respirateur,4486.0,38.1,30,3.69,2,1614.0,,97.2,1,0.95,338,0.01,Failure_Imminent
DEV-0331,IRM,1814.7,41.5,32,0.34,5,1606.0,0.7,,0,2.46,284,0.97,Maintenance_Needed
DEV-0332,Respirateur,4254.6,34.9,26,2.35,1,1137.0,,38.9,0,3.05,212,0.13,Maintenance_Needed
DEV-0333,IRM,1997.7,49.4,18,2.07,4,1634.0,0.6,,0,0.77,189,0.33,Maintenance_Needed
DEV-0334,Moniteur,2393.9,35.0,33,2.32,3,,,96.1,0,2.28,167,0.29,Maintenance_Needed
DEV-0335,IRM,3519.1,41.6,30,0.48,6,1585.0,0.63,,0,1.5,296,0.36,Failure_Imminent
DEV-0336,Respirateur,8441.8,36.0,30,1.15,1,1589.0,,77.5,0,1.57,241,0.33,Maintenance_Needed
DEV-0337,Échographe,2434.5,34.5,32,2.13,0,,0.88,,1,1.61,57,0.31,Normal
DEV-0338,IRM,3302.1,44.6,26,0.92,8,1315.0,0.57,,1,0.96,333,0.37,Out_of_Service
DEV-0339,Respirateur,2485.9,35.7,32,1.06,2,1645.0,,54.7,0,1.67,73,0.78,Maintenance_Needed
DEV-0340,ECG,7245.3,38.2,34,3.75,1,,,,0,1.17,189,0.27,Maintenance_Needed
DEV-0341,Moniteur,499.7,36.7,32,0.59,4,,,62.5,1,4.86,172,0.73,Failure_Imminent
DEV-0342,Moniteur,8806.6,38.8,24,3.38,1,,,44.7,0,0.13,34,0.29,Maintenance_Needed
DEV-0343,Moniteur,5342.5,38.2,22,2.21,0,,,83.6,1,1.44,339,0.27,Failure_Imminent
DEV-0344,ECG,6165.9,33.5,22,1.33,1,,,,1,3.98,124,0.75,Normal
DEV-0345,Moniteur,6682.1,37.5,26,4.73,0,,,67.7,1,3.59,167,0.01,Normal
DEV-0346,Échographe,6503.1,37.3,36,4.89,3,,0.65,,1,1.35,28,0.23,Normal
DEV-0347,IRM,9421.9,44.4,30,0.17,2,2168.0,0.92,,0,3.29,90,0.59,Maintenance_Needed
DEV-0348,Moniteur,6253.3,45.1,21,4.54,0,,,30.5,0,1.91,232,0.51,Maintenance_Needed
DEV-0349,IRM,8446.9,42.3,31,2.58,8,1548.0,0.69,,1,2.57,48,0.71,Failure_Imminent
DEV-0350,ECG,8744.8,41.1,21,4.43,2,,,,1,3.21,267,0.16,Maintenance_Needed
DEV-0351,Moniteur,2916.9,31.1,40,4.99,1,,,26.3,1,1.86,94,0.79,Normal
DEV-0352,Moniteur,4240.5,37.8,24,4.14,2,,,74.4,0,2.82,118,1.0,Maintenance_Needed
DEV-0353,Échographe,7107.1,37.8,32,0.49,2,,0.87,,0,4.09,75,0.72,Maintenance_Needed
DEV-0354,Respirateur,5430.7,39.1,42,4.31,4,645.0,,67.9,0,0.33,287,0.75,Maintenance_Needed
DEV-0355,ECG,1722.9,36.2,29,2.95,0,,,,1,0.64,245,0.15,Maintenance_Needed
DEV-0356,Moniteur,2409.9,33.3,33,4.77,4,,,93.4,1,4.19,68,0.08,Normal
DEV-0357,IRM,4589.1,44.1,31,0.75,5,1697.0,0.88,,1,0.43,127,0.89,Normal
DEV-0358,IRM,6839.2,42.7,31,2.6,5,1294.0,0.88,,0,3.6,252,0.55,Maintenance_Needed
DEV-0359,IRM,1902.2,48.7,32,3.76,4,1591.0,0.51,,1,3.87,279,0.22,Out_of_Service
DEV-0360,Moniteur,7979.2,39.4,27,3.4,1,,,82.5,0,2.22,97,0.19,Maintenance_Needed
DEV-0361,Échographe,6445.0,35.6,31,1.81,1,,0.55,,1,1.68,218,0.17,Out_of_Service
DEV-0362,IRM,9174.4,41.3,37,4.84,3,2190.0,0.79,,0,2.86,225,0.59,Maintenance_Needed
DEV-0363,Respirateur,9587.7,37.5,30,4.84,3,1709.0,,56.1,1,3.22,298,0.04,Maintenance_Needed
DEV-0364,ECG,2040.1,38.2,29,0.5,4,,,,0,1.97,293,0.29,Maintenance_Needed
DEV-0365,Respirateur,9045.9,37.7,28,3.8,2,1657.0,,86.7,0,4.32,289,0.5,Maintenance_Needed
DEV-0366,Respirateur,1199.6,35.2,22,2.16,2,1807.0,,24.4,1,0.77,342,0.08,Failure_Imminent
DEV-0367,ECG,223.7,35.4,25,4.0,0,,,,1,1.78,250,0.88,Maintenance_Needed
DEV-0368,Respirateur,1098.9,39.4,36,3.9,3,1146.0,,23.5,1,3.79,120,0.6,Normal
DEV-0369,Moniteur,5531.2,38.7,29,1.32,2,,,81.6,0,4.77,215,0.46,Failure_Imminent
DEV-0370,ECG,7712.3,35.2,26,3.42,1,,,,0,4.61,112,0.67,Failure_Imminent
DEV-0371,IRM,3684.9,53.2,26,4.13,3,1209.0,0.99,,1,3.99,210,0.38,Maintenance_Needed
DEV-0372,IRM,6375.5,47.3,30,2.54,4,1597.0,0.77,,0,4.48,257,0.86,Maintenance_Needed
DEV-0373,Respirateur,8652.6,40.4,32,4.8,1,1935.0,,50.0,1,2.09,292,0.19,Maintenance_Needed
DEV-0374,Respirateur,1872.2,34.9,24,0.63,1,1935.0,,37.1,0,1.27,81,0.53,Maintenance_Needed
DEV-0375,Respirateur,6755.4,38.3,20,0.53,2,2198.0,,99.3,1,1.97,123,0.18,Normal
DEV-0376,Respirateur,2757.1,38.6,21,4.4,1,765.0,,41.8,1,4.18,254,0.38,Maintenance_Needed
DEV-0377,ECG,7351.3,38.5,33,0.35,1,,,,1,2.79,41,0.55,Normal
DEV-0378,Moniteur,4257.5,34.7,39,1.61,4,,,91.5,0,4.56,148,0.76,Failure_Imminent
DEV-0379,Échographe,7391.7,41.3,36,4.27,0,,0.99,,1,1.94,9,0.34,Normal
DEV-0380,IRM,8070.8,43.6,29,1.12,8,1189.0,0.73,,1,2.84,174,0.65,Failure_Imminent
DEV-0381,ECG,8900.0,38.3,32,2.91,3,,,,0,0.23,188,0.16,Maintenance_Needed
DEV-0382,ECG,3366.3,38.2,22,2.14,1,,,,0,3.0,322,0.96,Failure_Imminent
DEV-0383,Respirateur,7857.7,36.0,29,2.32,3,1662.0,,92.4,1,4.86,22,0.56,Failure_Imminent
DEV-0384,Respirateur,2195.4,33.1,38,4.89,2,1461.0,,97.4,1,3.16,172,0.44,Normal
DEV-0385,Échographe,4307.3,35.2,30,3.94,0,,0.87,,1,3.71,145,0.3,Normal
DEV-0386,IRM,4329.4,47.0,28,3.77,5,1039.0,0.98,,1,0.31,238,0.29,Maintenance_Needed
DEV-0387,IRM,4209.2,52.0,38,3.83,3,960.0,0.54,,1,0.82,320,0.64,Out_of_Service
DEV-0388,IRM,4476.4,50.0,29,0.73,4,1616.0,0.8,,0,1.97,147,0.03,Maintenance_Needed
DEV-0389,Échographe,9314.0,35.2,37,3.66,3,,0.93,,1,1.39,87,0.9,Normal
DEV-0390,ECG,9822.9,33.7,32,4.9,0,,,,0,3.76,131,0.18,Maintenance_Needed
DEV-0391,Moniteur,3685.7,38.5,28,1.92,2,,,41.5,0,0.56,349,0.92,Failure_Imminent
DEV-0392,IRM,8509.9,45.3,31,1.78,10,1095.0,0.7,,0,0.51,164,0.15,Failure_Imminent
DEV-0393,Échographe,3649.9,35.4,26,1.31,3,,0.68,,0,4.48,213,0.62,Maintenance_Needed
DEV-0394,Moniteur,4359.3,31.0,27,1.72,1,,,85.4,0,2.57,228,0.58,Maintenance_Needed
DEV-0395,Échographe,4151.3,38.3,29,4.4,3,,0.77,,0,4.38,178,0.99,Maintenance_Needed
DEV-0396,ECG,4719.6,34.2,27,4.18,0,,,,1,3.99,207,0.06,Maintenance_Needed
DEV-0397,Respirateur,6907.3,38.6,25,3.46,5,1452.0,,57.7,0,2.36,113,0.16,Maintenance_Needed
DEV-0398,IRM,1462.6,46.1,33,1.22,8,1333.0,0.98,,0,2.79,201,0.4,Failure_Imminent
DEV-0399,Respirateur,7234.2,33.9,29,4.27,0,1360.0,,38.3,0,0.42,72,0.3,Maintenance_Needed
DEV-0400,Respirateur,6891.0,38.9,39,3.99,4,1937.0,,67.8,0,0.27,245,0.29,Maintenance_Needed
DEV-0401,Moniteur,2202.1,39.7,31,4.9,0,,,64.3,0,1.67,281,0.95,Maintenance_Needed
DEV-0402,Échographe,6032.1,36.8,30,1.46,3,,0.56,,0,1.74,280,0.18,Out_of_Service
DEV-0403,Moniteur,2006.8,38.4,23,1.63,1,,,29.7,0,0.61,354,0.08,Failure_Imminent
DEV-0404,Respirateur,6603.3,38.0,38,0.88,2,1880.0,,57.5,0,1.19,197,0.28,Maintenance_Needed
DEV-0405,Moniteur,4592.8,32.9,31,1.27,3,,,45.7,0,0.26,321,0.3,Failure_Imminent
DEV-0406,ECG,7497.3,36.8,27,2.76,3,,,,0,2.78,120,0.81,Maintenance_Needed
DEV-0407,Respirateur,3679.1,33.9,22,4.58,0,1173.0,,60.6,0,2.21,38,0.18,Maintenance_Needed
DEV-0408,Respirateur,1229.5,37.1,41,1.12,0,1423.0,,85.8,1,3.41,193,0.51,Maintenance_Needed
DEV-0409,Moniteur,9834.4,35.3,35,4.19,2,,,73.2,0,0.6,83,0.54,Maintenance_Needed
DEV-0410,ECG,4329.0,37.6,33,3.67,1,,,,0,1.53,43,0.0,Maintenance_Needed
DEV-0411,ECG,5602.3,39.4,25,3.06,1,,,,0,3.2,279,0.77,Maintenance_Needed
DEV-0412,IRM,5677.6,44.1,26,4.05,7,1509.0,0.68,,1,4.07,277,0.29,Failure_Imminent
DEV-0413,Moniteur,3409.4,40.0,24,4.37,3,,,77.9,0,4.01,289,0.37,Maintenance_Needed
DEV-0414,IRM,5245.8,38.6,33,0.91,7,1018.0,0.86,,1,0.31,106,0.81,Failure_Imminent
DEV-0415,Respirateur,1115.0,36.2,28,0.43,2,1316.0,,48.5,1,0.46,319,0.9,Failure_Imminent
DEV-0416,Échographe,4980.7,33.9,29,4.32,2,,0.69,,0,0.49,215,0.83,Maintenance_Needed
DEV-0417,ECG,3444.2,36.7,26,4.05,4,,,,1,2.88,218,0.61,Maintenance_Needed
DEV-0418,Moniteur,2381.8,41.9,32,0.12,1,,,66.0,1,1.37,183,0.61,Maintenance_Needed
DEV-0419,Échographe,602.0,37.7,27,1.35,6,,0.88,,0,4.76,282,0.66,Failure_Imminent
DEV-0420,Moniteur,5014.7,33.1,28,1.95,1,,,91.7,1,0.76,155,0.59,Normal
DEV-0421,ECG,6857.1,34.3,30,2.64,1,,,,1,3.33,160,0.15,Normal
DEV-0422,Échographe,5307.0,34.1,32,1.85,2,,0.75,,1,4.17,64,0.66,Normal
DEV-0423,Respirateur,6293.0,34.7,32,3.84,0,1757.0,,21.2,1,3.85,26,0.18,Normal
DEV-0424,Échographe,5089.6,37.5,28,2.62,1,,0.54,,1,2.04,245,0.01,Out_of_Service
DEV-0425,ECG,9303.2,39.4,33,3.56,1,,,,1,0.26,64,0.03,Normal
DEV-0426,ECG,7513.1,38.2,26,2.51,2,,,,1,1.92,238,0.32,Maintenance_Needed
DEV-0427,ECG,8712.5,35.2,27,0.7,1,,,,1,4.29,59,0.95,Normal
DEV-0428,Moniteur,9871.6,38.0,28,2.3,7,,,73.3,1,1.52,225,0.51,Failure_Imminent
DEV-0429,Échographe,5154.6,40.8,29,1.06,3,,0.6,,1,1.01,153,0.88,Normal
DEV-0430,Respirateur,7826.0,36.4,26,2.58,0,1299.0,,99.0,1,1.11,215,0.96,Maintenance_Needed
DEV-0431,Moniteur,3547.4,38.1,36,0.75,3,,,23.2,1,3.19,231,0.07,Maintenance_Needed
DEV-0432,IRM,8644.0,41.1,29,0.26,4,1306.0,0.59,,0,3.68,259,0.4,Out_of_Service
DEV-0433,ECG,3734.3,30.4,23,3.63,3,,,,1,3.14,166,0.49,Normal
DEV-0434,IRM,4860.2,48.9,29,2.39,6,986.0,0.88,,0,3.78,39,0.33,Failure_Imminent
DEV-0435,Échographe,4687.4,36.5,26,1.04,0,,0.68,,0,3.33,125,0.02,Maintenance_Needed
DEV-0436,Moniteur,1819.9,37.5,37,2.35,3,,,66.4,0,2.01,197,0.47,Maintenance_Needed
DEV-0437,Respirateur,2584.5,39.9,29,1.4,0,1757.0,,55.6,1,3.34,306,0.48,Failure_Imminent
DEV-0438,ECG,1928.7,37.9,38,2.08,1,,,,1,3.16,156,0.95,Normal
DEV-0439,Respirateur,7799.4,38.8,31,4.02,0,1276.0,,30.1,0,0.83,1,0.76,Maintenance_Needed
DEV-0440,Respirateur,9500.1,42.0,36,2.49,0,1168.0,,53.8,1,1.04,110,0.41,Normal
DEV-0441,Échographe,2103.6,33.0,28,1.93,2,,0.95,,1,0.83,83,0.78,Normal
DEV-0442,Moniteur,2884.4,36.7,22,4.31,2,,,30.1,0,4.69,252,0.64,Failure_Imminent
DEV-0443,ECG,6162.1,39.7,32,4.84,2,,,,0,1.18,8,0.13,Maintenance_Needed
DEV-0444,Respirateur,2870.5,38.8,19,1.61,0,1906.0,,44.2,0,1.17,264,0.23,Maintenance_Needed
DEV-0445,Échographe,9564.7,33.3,34,4.46,3,,0.96,,0,2.17,276,0.6,Maintenance_Needed
DEV-0446,Moniteur,2722.5,37.7,23,4.22,1,,,84.8,0,1.48,185,0.07,Maintenance_Needed
DEV-0447,Échographe,3918.3,31.8,38,3.48,3,,0.73,,0,2.64,28,0.14,Maintenance_Needed
DEV-0448,Respirateur,508.1,39.0,29,1.13,3,2072.0,,88.8,0,1.47,38,0.74,Maintenance_Needed
DEV-0449,ECG,6737.1,36.4,22,2.82,3,,,,1,4.79,97,0.46,Failure_Imminent
DEV-0450,IRM,1073.3,50.7,28,4.89,7,1676.0,0.78,,1,1.38,170,0.97,Failure_Imminent
DEV-0451,Échographe,9127.2,42.3,27,3.6,1,,0.81,,1,3.89,331,0.78,Failure_Imminent
DEV-0452,Échographe,2405.7,33.8,29,4.11,1,,0.76,,0,0.26,169,0.43,Maintenance_Needed
DEV-0453,Respirateur,4545.7,39.5,24,2.8,0,1945.0,,89.6,1,2.36,35,0.79,Normal
DEV-0454,ECG,1132.4,37.5,33,0.74,1,,,,1,3.29,125,0.12,Normal
DEV-0455,Respirateur,6477.1,36.3,30,0.31,3,1355.0,,52.1,1,0.84,59,0.52,Normal
DEV-0456,Échographe,1291.8,35.6,45,4.2,4,,0.75,,1,2.52,180,0.09,Normal
DEV-0457,IRM,4934.4,48.3,27,4.36,5,1179.0,0.79,,1,2.28,158,0.66,Normal
DEV-0458,Moniteur,7257.6,38.0,33,2.73,5,,,32.5,1,1.35,158,0.45,Normal
DEV-0459,ECG,7313.4,33.9,32,3.41,4,,,,0,1.6,4,0.81,Maintenance_Needed
DEV-0460,IRM,6466.5,42.4,36,3.22,9,1895.0,0.67,,1,0.13,41,0.56,Failure_Imminent
DEV-0461,ECG,4662.0,33.7,34,4.62,1,,,,0,3.01,231,0.63,Maintenance_Needed
DEV-0462,Moniteur,7324.1,39.8,34,0.89,4,,,73.4,1,2.77,357,0.96,Failure_Imminent
DEV-0463,ECG,4835.7,39.7,28,2.47,4,,,,1,3.71,177,0.8,Normal
DEV-0464,ECG,8117.3,35.9,26,2.06,2,,,,0,0.69,78,0.45,Maintenance_Needed
DEV-0465,ECG,2955.7,28.1,26,0.46,4,,,,0,4.74,283,0.44,Failure_Imminent
DEV-0466,Moniteur,5123.2,31.2,31,2.59,4,,,48.1,1,1.46,349,0.89,Failure_Imminent
DEV-0467,ECG,8075.0,34.2,24,4.1,1,,,,0,1.52,221,0.12,Maintenance_Needed
DEV-0468,IRM,7177.7,42.4,27,1.59,3,980.0,0.93,,1,1.9,324,0.69,Failure_Imminent
DEV-0469,Moniteur,9503.8,33.7,34,1.3,5,,,60.0,1,0.79,97,0.65,Normal
DEV-0470,IRM,8966.4,41.5,33,4.41,3,1558.0,0.74,,0,1.14,156,0.17,Maintenance_Needed
DEV-0471,Respirateur,7643.0,43.8,31,3.87,2,1491.0,,56.0,0,3.65,142,0.59,Maintenance_Needed
DEV-0472,Échographe,4672.9,35.1,32,3.34,0,,0.8,,1,4.29,202,0.45,Maintenance_Needed
DEV-0473,IRM,9234.6,50.7,30,1.3,8,1837.0,0.95,,0,2.3,340,0.91,Failure_Imminent
DEV-0474,Échographe,9733.2,37.4,30,4.77,1,,0.83,,0,3.1,251,0.81,Maintenance_Needed
DEV-0475,Échographe,9381.2,33.8,30,4.45,2,,0.9,,1,4.83,165,0.21,Failure_Imminent
DEV-0476,Échographe,2208.8,39.2,38,1.89,3,,0.63,,0,1.58,53,0.05,Maintenance_Needed
DEV-0477,IRM,1479.8,45.3,29,1.6,5,1408.0,0.77,,1,0.01,281,0.5,Maintenance_Needed
DEV-0478,Moniteur,1636.5,33.2,30,3.08,2,,,93.5,1,4.01,316,0.21,Failure_Imminent
DEV-0479,ECG,5278.1,39.1,23,1.34,2,,,,0,0.81,207,0.82,Maintenance_Needed
DEV-0480,Moniteur,5821.6,38.3,22,2.52,2,,,43.5,0,1.93,256,0.77,Maintenance_Needed
DEV-0481,Respirateur,190.7,36.3,30,2.8,5,1590.0,,20.9,0,3.73,113,0.03,Maintenance_Needed
DEV-0482,ECG,3767.2,36.2,29,3.93,2,,,,0,0.84,70,0.85,Maintenance_Needed
DEV-0483,ECG,8154.6,34.1,25,3.76,2,,,,1,2.91,243,0.43,Maintenance_Needed
DEV-0484,Respirateur,680.0,38.0,42,0.53,1,1196.0,,39.5,1,2.41,179,0.29,Normal
DEV-0485,Respirateur,6498.9,34.1,31,4.78,0,801.0,,33.7,1,4.94,105,0.55,Failure_Imminent
DEV-0486,Échographe,3327.7,31.6,24,0.48,2,,0.55,,1,3.25,54,0.56,Out_of_Service
DEV-0487,Respirateur,4180.0,33.1,31,4.65,2,2096.0,,74.0,0,0.61,307,0.13,Failure_Imminent
DEV-0488,Échographe,3335.2,34.9,32,2.83,2,,0.74,,0,0.04,111,0.1,Maintenance_Needed
DEV-0489,ECG,4292.7,40.5,29,2.16,0,,,,1,4.51,300,0.83,Failure_Imminent
DEV-0490,Respirateur,8033.9,38.4,29,4.02,4,1132.0,,28.2,0,0.18,181,0.71,Maintenance_Needed
DEV-0491,IRM,6777.6,44.7,33,4.69,9,1318.0,0.76,,1,0.39,187,0.85,Failure_Imminent
DEV-0492,ECG,9257.0,36.3,28,2.04,4,,,,0,0.21,279,0.64,Maintenance_Needed
DEV-0493,Moniteur,1231.3,35.0,28,2.18,1,,,82.3,1,1.87,39,0.21,Normal
DEV-0494,Respirateur,2087.4,35.9,29,2.13,2,1661.0,,78.5,1,2.7,157,0.43,Normal
DEV-0495,Échographe,6260.6,35.5,26,3.08,5,,0.73,,0,0.67,91,0.41,Maintenance_Needed
DEV-0496,IRM,7933.9,45.3,22,2.44,5,1426.0,0.83,,1,1.9,139,0.29,Normal
DEV-0497,Moniteur,8162.1,35.6,24,0.81,1,,,51.3,1,2.77,257,0.93,Maintenance_Needed
DEV-0498,Échographe,4769.2,38.7,24,2.01,2,,0.88,,1,1.66,6,0.45,Normal
DEV-0499,ECG,6272.2,37.6,24,3.1,5,,,,1,3.75,28,0.93,Normal
DEV-0500,IRM,6303.2,44.7,22,4.42,3,1463.0,0.66,,1,1.76,53,0.8,Normal
DEV-0501,IRM,685.5,38.3,28,2.92,8,1762.0,0.63,,1,4.9,306,0.13,Failure_Imminent
DEV-0502,Respirateur,3707.1,37.4,34,1.82,2,1779.0,,65.9,0,0.29,263,0.51,Maintenance_Needed
DEV-0503,Échographe,1629.5,35.7,34,1.77,1,,0.5,,1,4.94,326,0.92,Out_of_Service
DEV-0504,Échographe,1622.9,38.3,35,0.27,3,,0.59,,1,1.81,345,0.41,Out_of_Service
DEV-0505,Respirateur,9786.3,40.8,41,1.53,0,1078.0,,72.2,1,3.11,128,0.3,Normal
DEV-0506,Moniteur,6841.0,35.7,25,2.8,1,,,29.0,0,0.7,152,0.5,Maintenance_Needed
DEV-0507,Moniteur,8361.9,41.6,26,0.42,4,,,85.7,0,4.9,317,0.04,Failure_Imminent
DEV-0508,Respirateur,5925.1,39.5,36,2.26,3,1525.0,,95.0,1,2.43,53,0.34,Normal
DEV-0509,IRM,1332.8,43.9,27,0.76,4,1700.0,0.89,,1,3.64,310,0.96,Failure_Imminent
DEV-0510,Échographe,5968.8,38.4,28,4.04,1,,0.62,,1,1.17,100,0.6,Normal
DEV-0511,IRM,7857.2,44.7,42,4.57,5,1654.0,0.81,,1,4.99,351,0.62,Failure_Imminent
DEV-0512,Respirateur,1734.2,41.3,42,0.15,1,1169.0,,79.0,0,2.27,103,0.66,Maintenance_Needed
DEV-0513,Moniteur,6855.8,33.3,27,4.96,1,,,38.8,0,3.93,77,0.64,Maintenance_Needed
DEV-0514,Échographe,4519.1,39.0,34,4.76,2,,0.62,,1,2.37,257,0.55,Maintenance_Needed
DEV-0515,IRM,1108.7,45.5,22,4.29,5,1810.0,0.73,,1,1.27,336,0.5,Failure_Imminent
DEV-0516,ECG,9636.2,28.3,30,3.71,1,,,,0,3.83,197,0.84,Maintenance_Needed
DEV-0517,ECG,1650.8,38.8,33,2.27,1,,,,1,2.69,316,0.42,Failure_Imminent
DEV-0518,IRM,5779.1,47.5,23,2.68,2,1133.0,0.99,,0,1.22,5,0.53,Maintenance_Needed
DEV-0519,IRM,5048.5,42.1,41,1.09,8,1659.0,0.58,,0,3.45,293,0.05,Out_of_Service
DEV-0520,Moniteur,9321.3,34.4,35,2.21,1,,,89.6,1,3.04,178,0.92,Normal
DEV-0521,Respirateur,9321.3,39.9,19,1.48,3,1124.0,,30.7,1,2.88,118,0.24,Normal
DEV-0522,ECG,9264.1,37.0,35,4.47,2,,,,1,0.26,238,0.27,Maintenance_Needed
DEV-0523,IRM,6260.3,50.1,29,4.22,5,1716.0,0.82,,0,2.2,143,0.95,Maintenance_Needed
DEV-0524,IRM,5385.5,41.7,38,1.08,5,2188.0,0.53,,0,2.38,25,0.85,Out_of_Service
DEV-0525,Moniteur,1942.6,34.2,27,4.45,1,,,50.3,0,1.3,320,0.45,Failure_Imminent
DEV-0526,Échographe,527.7,39.5,30,1.47,3,,0.91,,0,2.74,98,0.23,Maintenance_Needed
DEV-0527,Échographe,8097.7,33.4,37,2.58,2,,0.62,,0,4.77,55,0.58,Failure_Imminent
DEV-0528,Respirateur,5419.9,39.2,39,2.43,1,1944.0,,74.9,0,0.65,29,0.22,Maintenance_Needed
DEV-0529,IRM,4559.4,39.2,24,3.87,5,1568.0,0.56,,0,4.2,143,0.89,Out_of_Service
DEV-0530,ECG,7931.0,34.8,23,4.06,2,,,,1,3.41,96,0.09,Normal
DEV-0531,Moniteur,7860.4,39.0,37,0.91,1,,,48.3,1,4.34,344,0.71,Failure_Imminent
DEV-0532,Respirateur,6002.0,38.8,34,4.17,2,1752.0,,55.4,1,4.03,24,0.77,Normal
DEV-0533,Échographe,303.1,34.6,26,3.52,2,,0.75,,1,3.52,195,0.42,Maintenance_Needed
DEV-0534,Respirateur,8564.3,38.1,28,2.98,2,1179.0,,62.3,0,1.48,115,0.63,Maintenance_Needed
DEV-0535,Échographe,2637.2,33.8,33,2.92,4,,0.71,,0,3.78,146,0.17,Maintenance_Needed
DEV-0536,ECG,7716.3,32.7,34,4.74,0,,,,0,1.63,86,0.05,Maintenance_Needed
DEV-0537,Respirateur,1648.5,38.4,28,0.51,4,1434.0,,94.4,0,3.78,290,0.16,Maintenance_Needed
DEV-0538,IRM,9426.9,45.6,27,2.69,8,1834.0,0.9,,0,4.02,303,0.38,Failure_Imminent
DEV-0539,Respirateur,2774.1,35.7,35,3.97,1,1771.0,,50.9,0,1.52,182,0.63,Maintenance_Needed
DEV-0540,Moniteur,4206.3,36.8,34,3.01,3,,,88.6,1,2.22,241,0.26,Maintenance_Needed
DEV-0541,IRM,6453.2,42.3,24,2.0,3,1168.0,0.72,,1,3.45,100,0.18,Normal
DEV-0542,IRM,1763.6,41.5,24,0.63,6,1178.0,0.97,,0,3.53,245,0.86,Failure_Imminent
DEV-0543,ECG,8078.1,38.0,32,4.13,1,,,,0,4.63,9,0.47,Failure_Imminent
DEV-0544,Échographe,6026.2,38.5,27,1.13,3,,0.88,,0,1.18,303,0.72,Failure_Imminent
DEV-0545,Échographe,3861.4,40.0,32,1.86,2,,0.96,,1,3.48,42,0.63,Normal
DEV-0546,Respirateur,2705.9,45.4,38,0.85,2,1301.0,,73.9,0,1.42,189,0.73,Maintenance_Needed
DEV-0547,Échographe,4322.7,34.9,28,3.34,2,,0.67,,1,1.28,272,0.06,Maintenance_Needed
DEV-0548,Échographe,4148.4,38.8,23,3.44,0,,0.73,,1,3.54,156,0.01,Normal
DEV-0549,Moniteur,2219.5,36.6,22,4.32,4,,,66.6,1,1.05,218,0.33,Maintenance_Needed
DEV-0550,Échographe,6182.8,34.2,31,0.47,0,,0.5,,1,4.26,108,0.9,Out_of_Service
DEV-0551,IRM,3558.8,49.4,28,2.09,5,1405.0,0.69,,1,3.01,342,0.78,Failure_Imminent
DEV-0552,Moniteur,9162.0,34.5,38,4.3,2,,,82.5,0,4.79,163,0.43,Failure_Imminent
DEV-0553,IRM,9637.3,43.3,39,1.78,2,1443.0,0.65,,0,4.43,126,0.32,Maintenance_Needed
DEV-0554,ECG,1679.5,35.2,21,2.12,1,,,,1,1.09,263,0.44,Maintenance_Needed
DEV-0555,IRM,804.5,47.3,25,3.61,4,1044.0,0.97,,1,1.92,128,0.64,Normal
DEV-0556,ECG,7208.7,39.0,15,2.98,1,,,,1,3.48,362,0.97,Failure_Imminent
DEV-0557,Respirateur,7378.0,35.6,31,2.11,1,1387.0,,91.5,1,3.31,25,0.82,Normal
DEV-0558,Échographe,8259.7,39.8,39,2.42,2,,0.91,,1,3.63,20,0.16,Normal
DEV-0559,IRM,9814.6,50.5,26,4.44,7,1109.0,0.9,,1,0.22,359,0.96,Failure_Imminent
DEV-0560,Moniteur,4469.4,33.7,32,4.85,3,,,50.0,1,3.07,38,0.04,Normal
DEV-0561,IRM,3290.1,44.3,34,1.15,7,1680.0,0.77,,1,1.03,55,0.8,Failure_Imminent
DEV-0562,Échographe,793.2,36.6,24,0.15,3,,0.77,,1,3.25,172,0.12,Normal
DEV-0563,Échographe,4171.9,35.6,30,2.88,5,,0.81,,1,4.21,109,0.44,Normal
DEV-0564,IRM,9721.4,46.4,24,1.9,3,1351.0,0.63,,0,0.01,213,0.57,Maintenance_Needed
DEV-0565,Échographe,3131.3,37.2,27,1.55,1,,0.83,,0,4.41,243,0.38,Maintenance_Needed
DEV-0566,IRM,1921.3,44.4,28,2.59,4,1440.0,0.77,,1,1.0,262,0.91,Maintenance_Needed
DEV-0567,Échographe,8273.9,44.7,21,4.24,2,,0.79,,1,1.36,274,0.8,Maintenance_Needed
DEV-0568,IRM,7781.8,43.5,24,2.7,3,1802.0,0.98,,0,1.21,99,0.08,Maintenance_Needed
DEV-0569,ECG,6269.2,40.6,36,0.42,4,,,,0,3.37,63,0.7,Maintenance_Needed
DEV-0570,IRM,3991.3,46.1,31,4.74,6,1913.0,0.56,,0,2.78,273,0.97,Out_of_Service
DEV-0571,ECG,2035.6,37.2,35,1.86,6,,,,1,4.47,132,0.97,Failure_Imminent
DEV-0572,Échographe,3242.6,34.6,28,1.38,3,,0.63,,1,4.43,43,0.41,Normal
DEV-0573,ECG,9001.0,42.4,34,2.51,1,,,,0,4.96,30,0.26,Failure_Imminent
DEV-0574,Moniteur,3069.5,36.3,27,4.9,2,,,98.5,1,0.23,164,0.44,Normal
DEV-0575,Respirateur,9495.3,38.6,25,2.26,5,1426.0,,60.5,0,1.27,141,0.8,Maintenance_Needed
DEV-0576,ECG,3099.8,39.9,17,2.92,3,,,,1,2.4,50,0.74,Normal
DEV-0577,ECG,556.2,34.2,24,4.44,1,,,,0,2.02,321,0.46,Failure_Imminent
DEV-0578,ECG,8461.1,38.4,38,0.38,2,,,,1,1.72,174,0.72,Normal
DEV-0579,Moniteur,4964.0,39.5,35,2.17,2,,,22.0,0,0.0,250,0.35,Maintenance_Needed
DEV-0580,Échographe,1345.2,37.3,29,2.75,0,,0.79,,1,3.07,184,0.99,Maintenance_Needed
DEV-0581,Respirateur,2677.4,35.6,26,1.62,3,1251.0,,99.4,1,0.94,360,0.99,Failure_Imminent
DEV-0582,IRM,4553.4,42.5,26,4.54,6,1795.0,0.74,,0,2.51,42,0.94,Failure_Imminent
DEV-0583,Échographe,1410.9,41.2,25,0.53,3,,0.87,,1,2.78,356,0.28,Failure_Imminent
DEV-0584,IRM,1111.9,49.4,26,2.28,7,869.0,0.93,,0,3.54,34,0.13,Failure_Imminent
DEV-0585,Moniteur,7742.6,38.2,33,3.05,1,,,80.9,0,4.67,239,0.37,Failure_Imminent
DEV-0586,ECG,7231.2,38.6,31,2.94,1,,,,0,2.37,107,0.01,Maintenance_Needed
DEV-0587,ECG,9979.8,38.0,29,3.8,1,,,,0,5.0,130,0.29,Failure_Imminent
DEV-0588,Moniteur,8384.6,36.7,28,1.81,1,,,78.3,0,2.2,272,0.76,Maintenance_Needed
DEV-0589,Respirateur,2710.2,34.9,35,3.39,4,1733.0,,67.3,0,1.26,124,0.14,Maintenance_Needed
DEV-0590,Moniteur,5086.0,36.8,29,4.94,1,,,38.0,1,2.5,306,0.83,Failure_Imminent
DEV-0591,IRM,9403.1,38.4,26,4.7,8,1760.0,0.98,,1,4.32,15,0.7,Failure_Imminent
DEV-0592,IRM,3488.9,37.6,33,2.63,4,1688.0,0.51,,0,4.7,166,0.82,Out_of_Service
DEV-0593,Respirateur,3604.8,41.8,25,4.04,2,1338.0,,69.5,0,2.72,49,0.51,Maintenance_Needed
DEV-0594,Moniteur,7792.3,37.8,39,2.95,2,,,41.8,1,3.72,65,0.38,Normal
DEV-0595,Respirateur,1355.3,39.5,34,1.13,1,1036.0,,70.3,1,1.33,19,0.3,Normal
DEV-0596,IRM,9584.7,47.1,23,0.28,4,1708.0,0.71,,1,0.23,22,0.47,Normal
DEV-0597,Respirateur,1894.2,34.1,33,4.98,7,1007.0,,85.7,0,2.85,23,0.77,Failure_Imminent
DEV-0598,IRM,7818.2,44.8,32,2.74,4,1828.0,0.66,,0,3.95,336,0.88,Failure_Imminent
DEV-0599,Moniteur,8118.1,34.3,34,3.69,2,,,87.9,1,3.85,307,0.11,Failure_Imminent
DEV-0600,Moniteur,2539.6,36.6,27,1.47,1,,,78.9,1,0.46,166,0.23,Normal
DEV-0601,Moniteur,9285.1,37.4,34,4.54,1,,,88.5,1,4.66,249,0.29,Failure_Imminent
DEV-0602,Moniteur,7303.2,39.1,33,4.8,1,,,35.9,1,1.2,89,0.7,Normal
DEV-0603,Échographe,2020.6,40.0,24,4.46,1,,0.86,,1,1.66,319,0.65,Failure_Imminent
DEV-0604,Échographe,9544.9,35.8,22,2.53,1,,0.57,,0,0.17,271,0.2,Out_of_Service
DEV-0605,Moniteur,6801.5,35.6,25,4.16,4,,,31.2,1,0.05,331,0.98,Failure_Imminent
DEV-0606,IRM,8378.2,44.6,36,2.51,1,2055.0,0.85,,0,2.62,350,0.89,Failure_Imminent
DEV-0607,Respirateur,3977.1,34.5,35,1.74,4,1324.0,,49.9,0,1.44,52,0.07,Maintenance_Needed
DEV-0608,Moniteur,58.4,39.0,34,1.68,3,,,37.9,1,4.83,224,0.87,Failure_Imminent
DEV-0609,Échographe,8393.6,36.2,29,4.85,0,,0.79,,1,1.22,103,0.4,Normal
DEV-0610,ECG,5875.7,40.6,36,2.01,2,,,,1,3.82,77,0.38,Normal
DEV-0611,Échographe,5112.8,36.6,26,2.18,2,,0.54,,1,4.41,210,0.82,Out_of_Service
DEV-0612,ECG,8278.1,32.8,28,3.47,1,,,,1,0.92,55,0.74,Normal
DEV-0613,Échographe,1785.2,36.0,33,0.13,1,,0.74,,1,1.96,38,0.21,Normal
DEV-0614,Respirateur,4556.1,40.5,35,3.54,4,1303.0,,74.0,1,1.99,90,0.03,Normal
DEV-0615,Échographe,3968.4,37.9,34,3.41,0,,0.93,,1,2.33,343,0.32,Failure_Imminent
DEV-0616,Moniteur,106.1,38.1,35,2.92,3,,,75.1,1,2.57,116,0.48,Normal
DEV-0617,Respirateur,4854.6,38.7,42,4.02,1,1437.0,,73.7,1,0.64,143,0.93,Normal
DEV-0618,Moniteur,3401.9,35.6,21,2.05,0,,,36.7,1,1.4,312,0.71,Failure_Imminent
DEV-0619,Respirateur,3340.9,34.7,33,2.72,4,2060.0,,81.3,0,4.24,261,0.71,Maintenance_Needed
DEV-0620,Moniteur,5311.0,34.7,23,1.13,4,,,89.4,0,0.78,317,0.15,Failure_Imminent
DEV-0621,IRM,4251.8,43.9,30,0.36,5,1194.0,0.97,,1,4.75,29,0.5,Failure_Imminent
DEV-0622,Respirateur,3459.8,31.7,33,2.86,0,1468.0,,81.6,0,2.51,308,0.02,Failure_Imminent
DEV-0623,IRM,848.1,43.2,20,4.34,6,1164.0,0.5,,0,2.83,120,0.63,Out_of_Service
DEV-0624,IRM,4684.6,46.8,28,2.16,3,1351.0,0.74,,1,3.22,5,0.67,Normal
DEV-0625,Échographe,5901.6,35.9,31,0.47,4,,0.6,,1,5.0,341,0.33,Failure_Imminent
DEV-0626,Moniteur,5387.6,34.7,30,1.94,3,,,82.4,1,1.1,131,0.86,Normal
DEV-0627,Respirateur,3884.4,36.3,27,2.68,5,1525.0,,78.6,1,4.65,94,0.13,Failure_Imminent
DEV-0628,ECG,5781.6,37.4,33,3.61,1,,,,0,0.57,352,0.42,Failure_Imminent
DEV-0629,ECG,5707.6,30.1,28,2.25,1,,,,0,4.53,30,0.89,Failure_Imminent
DEV-0630,IRM,1377.2,48.0,35,3.84,1,1360.0,0.9,,1,2.91,147,0.78,Normal
DEV-0631,ECG,8913.8,44.2,21,2.94,1,,,,0,4.54,187,0.29,Failure_Imminent
DEV-0632,Moniteur,7814.8,32.2,24,1.75,5,,,81.5,0,1.12,309,0.65,Failure_Imminent
DEV-0633,Échographe,4889.2,35.9,27,4.62,3,,0.67,,0,0.24,153,0.64,Maintenance_Needed
DEV-0634,Respirateur,1985.3,37.9,31,4.81,2,1342.0,,75.3,0,4.65,49,0.86,Failure_Imminent
DEV-0635,Échographe,1123.3,33.2,27,4.69,0,,0.75,,1,4.77,69,0.25,Failure_Imminent
DEV-0636,Échographe,9556.9,39.6,31,3.32,3,,0.77,,1,3.35,65,0.44,Normal
DEV-0637,Respirateur,9731.2,34.7,29,4.31,2,1443.0,,93.8,1,4.6,321,0.77,Failure_Imminent
DEV-0638,ECG,6974.5,40.5,35,0.61,5,,,,1,0.57,332,0.11,Failure_Imminent
DEV-0639,Échographe,5459.9,34.9,43,0.44,0,,0.8,,0,4.21,108,0.16,Maintenance_Needed
DEV-0640,ECG,1078.4,37.6,36,3.08,0,,,,0,1.43,343,0.64,Failure_Imminent
DEV-0641,Moniteur,2376.5,42.0,30,1.53,4,,,53.6,0,3.2,281,0.45,Maintenance_Needed
DEV-0642,Respirateur,1914.8,37.4,34,4.91,6,1682.0,,67.0,1,3.12,264,0.78,Failure_Imminent
DEV-0643,Échographe,7126.2,35.0,25,0.42,2,,0.95,,1,4.47,87,0.06,Normal
DEV-0644,ECG,9374.0,33.4,41,1.25,1,,,,0,4.77,363,0.6,Failure_Imminent
DEV-0645,IRM,1291.8,47.4,32,3.35,4,2057.0,0.66,,0,4.55,213,0.43,Failure_Imminent
DEV-0646,ECG,3557.1,36.7,32,2.39,4,,,,1,3.14,35,0.22,Normal
DEV-0647,Respirateur,5775.6,34.0,27,0.26,1,1442.0,,76.1,1,2.78,263,0.82,Maintenance_Needed
DEV-0648,Échographe,9233.0,38.4,33,1.28,3,,0.64,,0,3.51,222,0.8,Maintenance_Needed
DEV-0649,Moniteur,3085.1,37.5,35,3.18,2,,,73.6,0,1.67,358,0.22,Failure_Imminent
DEV-0650,Respirateur,8271.4,36.9,37,4.29,0,1360.0,,24.8,1,4.08,329,0.43,Failure_Imminent
DEV-0651,Échographe,4222.7,38.4,29,0.48,2,,0.88,,1,2.1,47,0.1,Normal
DEV-0652,Échographe,4756.5,34.7,27,1.56,3,,0.75,,1,1.04,249,0.85,Maintenance_Needed
DEV-0653,IRM,21.6,47.5,34,3.78,5,1635.0,0.69,,0,2.52,145,0.75,Maintenance_Needed
DEV-0654,Respirateur,7066.5,34.4,22,2.86,2,1452.0,,24.7,1,3.27,43,0.08,Normal
DEV-0655,Respirateur,4005.2,39.2,25,1.78,5,1683.0,,38.8,0,2.84,360,0.92,Failure_Imminent
DEV-0656,IRM,4963.5,47.7,26,2.77,5,1433.0,0.67,,1,4.31,36,0.52,Normal
DEV-0657,ECG,2443.0,35.8,27,4.07,2,,,,1,0.58,102,0.84,Normal
DEV-0658,Échographe,2240.0,41.4,27,0.74,3,,0.62,,0,0.43,189,0.67,Maintenance_Needed
DEV-0659,IRM,574.4,47.5,30,1.87,5,1530.0,0.97,,1,2.25,264,0.45,Maintenance_Needed
DEV-0660,Échographe,7590.6,33.1,26,1.04,1,,0.75,,0,1.76,268,0.02,Maintenance_Needed
DEV-0661,Respirateur,3393.0,41.5,24,3.92,2,1386.0,,74.3,1,0.05,154,0.91,Normal
DEV-0662,Respirateur,9005.6,35.7,27,0.48,1,1377.0,,63.4,1,1.74,182,0.16,Maintenance_Needed
DEV-0663,ECG,8960.2,36.5,42,0.89,1,,,,0,2.42,227,0.68,Maintenance_Needed
DEV-0664,Moniteur,5242.4,39.1,34,3.96,1,,,83.8,1,0.85,301,0.11,Failure_Imminent
DEV-0665,Moniteur,1108.6,32.7,32,0.52,2,,,47.3,0,4.08,2,0.29,Maintenance_Needed
DEV-0666,Échographe,5735.1,36.6,26,2.32,3,,0.83,,1,1.66,299,0.22,Maintenance_Needed
DEV-0667,Échographe,8583.8,38.7,31,0.63,2,,0.86,,1,2.08,43,0.41,Normal
DEV-0668,Respirateur,4561.6,37.7,31,1.45,1,1191.0,,46.2,1,1.08,293,0.13,Maintenance_Needed
DEV-0669,ECG,4655.0,39.0,29,1.11,4,,,,0,2.25,272,0.5,Maintenance_Needed
DEV-0670,Respirateur,4646.6,33.2,27,3.3,0,1138.0,,31.0,1,3.54,162,0.12,Normal
DEV-0671,ECG,6802.4,39.8,28,4.72,2,,,,1,3.41,318,0.97,Failure_Imminent
DEV-0672,Moniteur,500.9,32.2,33,2.01,1,,,67.4,0,4.95,16,0.61,Failure_Imminent
DEV-0673,ECG,6185.3,33.3,33,2.01,1,,,,1,3.37,242,0.03,Maintenance_Needed
DEV-0674,Respirateur,3391.8,37.3,28,1.56,0,1531.0,,54.7,0,3.88,284,0.48,Maintenance_Needed
DEV-0675,Moniteur,8140.4,38.4,26,2.87,4,,,85.9,1,2.72,96,0.64,Normal
DEV-0676,Respirateur,7754.6,36.1,36,2.0,2,1332.0,,74.0,0,2.03,327,0.8,Failure_Imminent
DEV-0677,Moniteur,190.2,33.3,33,0.71,2,,,91.7,0,2.89,127,0.7,Maintenance_Needed
DEV-0678,ECG,1072.2,38.8,26,1.08,1,,,,1,1.04,52,0.59,Normal
DEV-0679,Échographe,3877.5,32.8,34,4.71,1,,0.64,,0,3.76,301,0.91,Failure_Imminent
DEV-0680,Échographe,7784.1,35.5,25,3.52,2,,0.79,,0,1.81,323,0.14,Failure_Imminent
DEV-0681,Moniteur,1365.0,30.2,30,1.8,0,,,38.0,0,1.68,97,0.93,Maintenance_Needed
DEV-0682,Moniteur,1551.7,36.6,28,1.43,5,,,74.9,0,0.3,301,0.12,Failure_Imminent
DEV-0683,Échographe,498.8,43.0,29,3.64,1,,0.71,,0,3.42,163,0.34,Maintenance_Needed
DEV-0684,Respirateur,2786.3,37.9,34,1.38,2,1543.0,,31.2,1,2.51,250,0.11,Maintenance_Needed
DEV-0685,ECG,2002.9,33.5,19,3.66,4,,,,1,3.94,281,0.56,Maintenance_Needed
DEV-0686,Échographe,854.9,38.5,29,1.76,1,,0.72,,1,3.2,298,0.06,Maintenance_Needed
DEV-0687,Échographe,1780.3,39.6,33,0.82,1,,0.77,,0,4.36,320,0.03,Failure_Imminent
DEV-0688,Échographe,4257.9,37.6,28,3.82,3,,0.8,,1,3.63,250,0.98,Maintenance_Needed
DEV-0689,Respirateur,5822.6,38.2,36,3.56,3,1186.0,,37.9,0,2.25,224,0.49,Maintenance_Needed
DEV-0690,Échographe,6521.8,35.4,21,2.14,3,,0.6,,1,2.72,219,0.71,Maintenance_Needed
DEV-0691,Échographe,8698.6,35.6,29,3.61,3,,0.64,,0,4.67,181,0.24,Failure_Imminent
DEV-0692,IRM,5334.1,54.4,23,0.32,4,1536.0,0.76,,1,0.83,314,0.49,Failure_Imminent
DEV-0693,Respirateur,5512.6,41.6,27,4.32,3,1998.0,,87.0,1,1.84,321,0.9,Failure_Imminent
DEV-0694,Échographe,1321.0,32.0,26,2.46,2,,0.93,,1,2.19,179,0.22,Normal
DEV-0695,Échographe,4261.1,39.9,32,2.17,3,,0.64,,0,3.09,215,0.77,Maintenance_Needed
DEV-0696,ECG,3256.0,33.8,34,2.5,3,,,,1,2.37,236,0.84,Maintenance_Needed
DEV-0697,IRM,4244.0,42.8,26,3.11,5,983.0,0.98,,0,0.54,83,0.38,Maintenance_Needed
DEV-0698,ECG,4410.1,41.0,27,1.65,1,,,,0,3.27,62,0.68,Maintenance_Needed
DEV-0699,Respirateur,3217.8,34.0,37,1.95,2,1722.0,,93.7,1,3.75,81,0.35,Normal
DEV-0700,Échographe,7175.3,39.2,30,3.95,3,,0.52,,1,3.43,349,0.74,Out_of_Service
DEV-0701,IRM,3554.8,44.2,23,3.65,5,1616.0,0.87,,0,2.19,2,0.33,Maintenance_Needed
DEV-0702,Respirateur,6495.4,38.1,33,3.91,2,1761.0,,99.1,0,4.37,167,0.35,Maintenance_Needed
DEV-0703,Moniteur,8958.7,37.9,35,3.47,3,,,76.8,1,4.15,162,0.01,Normal
DEV-0704,Échographe,3526.6,32.7,25,1.33,3,,0.72,,1,4.89,13,0.55,Failure_Imminent
DEV-0705,Respirateur,3054.8,35.4,36,4.28,1,1484.0,,89.5,1,4.64,259,0.2,Failure_Imminent
DEV-0706,Échographe,755.5,38.0,27,4.24,0,,0.61,,1,2.5,63,0.52,Normal
DEV-0707,ECG,6497.5,39.7,25,1.26,3,,,,1,4.82,221,0.15,Failure_Imminent
DEV-0708,Respirateur,9199.4,35.4,39,3.76,1,1634.0,,63.6,0,0.69,180,0.88,Maintenance_Needed
DEV-0709,IRM,1010.4,45.3,28,0.44,5,1075.0,0.54,,0,3.97,270,0.23,Out_of_Service
DEV-0710,Moniteur,339.2,34.8,28,4.99,1,,,76.0,1,3.37,251,0.78,Maintenance_Needed
DEV-0711,Échographe,1513.2,37.6,27,3.67,1,,0.68,,1,3.55,319,0.21,Failure_Imminent
DEV-0712,Moniteur,3760.4,35.8,26,2.35,2,,,30.3,0,2.66,336,0.49,Failure_Imminent
DEV-0713,Échographe,3778.7,38.9,30,3.36,1,,0.72,,1,4.0,320,0.5,Failure_Imminent
DEV-0714,ECG,5438.5,39.4,35,1.04,2,,,,0,1.09,63,0.18,Maintenance_Needed
DEV-0715,Échographe,593.5,38.0,24,0.61,0,,0.56,,1,2.85,82,0.22,Out_of_Service
DEV-0716,Échographe,7024.4,38.7,27,4.51,5,,0.66,,0,4.4,156,0.88,Maintenance_Needed
DEV-0717,ECG,9823.9,36.3,35,2.28,4,,,,1,0.14,209,0.72,Maintenance_Needed
DEV-0718,Moniteur,9780.2,39.7,31,2.73,3,,,34.8,0,0.11,111,0.3,Maintenance_Needed
DEV-0719,Échographe,39.8,38.7,35,1.7,0,,0.74,,0,1.76,59,0.61,Maintenance_Needed
DEV-0720,IRM,9886.5,44.5,20,2.14,7,815.0,0.51,,0,3.39,44,0.07,Out_of_Service
DEV-0721,Respirateur,7933.9,43.5,26,4.84,1,1022.0,,48.6,1,1.03,246,0.23,Maintenance_Needed
DEV-0722,Échographe,1819.9,42.9,29,0.42,3,,0.68,,0,0.34,59,0.02,Maintenance_Needed
DEV-0723,IRM,635.2,46.0,32,1.18,6,1662.0,0.89,,1,1.0,283,0.8,Failure_Imminent
DEV-0724,IRM,4992.0,46.0,32,0.61,5,1785.0,0.82,,0,2.96,40,0.93,Maintenance_Needed
DEV-0725,Respirateur,2672.2,36.2,25,3.03,5,1811.0,,82.1,0,0.71,164,0.05,Maintenance_Needed
DEV-0726,ECG,1148.6,40.8,38,0.48,2,,,,0,0.09,23,0.76,Maintenance_Needed
DEV-0727,Échographe,9959.9,39.4,36,0.37,4,,0.74,,0,2.49,260,0.01,Maintenance_Needed
DEV-0728,Moniteur,224.8,33.7,16,0.95,2,,,83.0,1,2.79,127,0.08,Normal
DEV-0729,Moniteur,3180.8,41.7,33,0.95,1,,,55.0,1,4.78,268,0.66,Failure_Imminent
DEV-0730,Respirateur,7660.0,40.4,26,3.36,3,1942.0,,55.5,0,0.21,77,0.3,Maintenance_Needed
DEV-0731,Moniteur,5152.8,37.4,20,3.64,3,,,86.6,0,3.96,43,0.35,Maintenance_Needed
DEV-0732,Échographe,2644.9,40.0,30,4.4,2,,0.78,,1,2.51,16,0.25,Normal
DEV-0733,Respirateur,1824.0,33.2,21,2.07,2,1166.0,,91.9,0,2.89,128,0.04,Maintenance_Needed
DEV-0734,Respirateur,9572.0,30.9,27,4.02,1,1495.0,,88.9,1,1.76,349,0.0,Failure_Imminent
DEV-0735,IRM,9522.4,41.9,34,2.14,2,1656.0,0.98,,1,2.94,115,0.54,Normal
DEV-0736,ECG,8848.2,30.9,24,1.93,1,,,,1,1.38,214,0.14,Maintenance_Needed
DEV-0737,IRM,4573.1,45.9,28,4.08,7,1965.0,0.88,,0,4.39,50,0.79,Failure_Imminent
DEV-0738,Respirateur,4366.6,39.0,33,1.79,0,1481.0,,43.8,0,2.4,40,1.0,Maintenance_Needed
DEV-0739,Moniteur,4676.5,38.6,36,1.95,1,,,27.9,1,1.33,138,0.12,Normal
DEV-0740,Moniteur,1955.4,35.2,38,0.11,4,,,65.0,0,2.19,259,0.21,Maintenance_Needed
DEV-0741,IRM,2029.7,44.7,31,0.53,5,1827.0,0.8,,1,3.71,186,0.26,Maintenance_Needed
DEV-0742,ECG,6145.3,40.2,31,2.1,0,,,,0,1.66,335,0.29,Failure_Imminent
DEV-0743,Respirateur,1068.3,36.4,35,0.74,2,1300.0,,73.8,1,1.66,138,0.58,Normal
DEV-0744,Moniteur,2449.5,39.9,29,4.59,3,,,92.2,0,4.78,358,0.01,Failure_Imminent
DEV-0745,Respirateur,3937.4,41.6,33,3.32,2,2237.0,,76.3,0,2.33,167,0.57,Maintenance_Needed
DEV-0746,Moniteur,2747.2,34.5,29,0.1,3,,,31.6,0,1.86,135,0.63,Maintenance_Needed
DEV-0747,Respirateur,6779.6,38.8,24,0.94,3,1380.0,,56.9,0,2.07,109,0.33,Maintenance_Needed
DEV-0748,Moniteur,3575.2,40.2,27,4.52,2,,,22.6,0,3.15,8,0.42,Maintenance_Needed
DEV-0749,Respirateur,3490.9,33.1,23,2.39,3,1362.0,,63.6,0,4.45,200,0.33,Maintenance_Needed
DEV-0750,Respirateur,8786.0,34.6,28,3.35,6,1520.0,,84.2,0,0.7,121,0.26,Failure_Imminent
DEV-0751,Échographe,6591.1,42.4,23,3.7,1,,0.56,,1,3.55,278,0.37,Out_of_Service
DEV-0752,IRM,4217.2,43.6,25,1.84,8,1368.0,0.98,,1,3.01,356,0.26,Failure_Imminent
DEV-0753,Moniteur,5271.3,35.2,31,4.04,1,,,56.6,1,4.43,219,0.24,Maintenance_Needed
DEV-0754,Moniteur,4545.3,34.6,26,1.08,1,,,73.8,1,3.8,266,0.79,Maintenance_Needed
DEV-0755,Moniteur,6216.6,33.4,23,4.29,1,,,82.0,1,3.75,70,0.33,Normal
DEV-0756,Moniteur,3050.8,39.8,32,1.28,1,,,81.4,1,4.39,216,0.26,Maintenance_Needed
DEV-0757,Échographe,2103.1,38.3,21,3.39,1,,0.88,,0,1.3,307,0.13,Failure_Imminent
DEV-0758,Respirateur,5814.6,42.4,20,3.27,1,1880.0,,53.8,1,4.17,312,0.82,Failure_Imminent
DEV-0759,Respirateur,1884.9,27.7,39,2.19,1,1572.0,,67.8,0,3.79,203,0.34,Maintenance_Needed
DEV-0760,IRM,8694.8,43.2,24,2.49,3,1442.0,0.61,,0,0.98,293,0.87,Maintenance_Needed
DEV-0761,Respirateur,9178.2,40.2,30,4.43,3,1547.0,,76.8,0,1.81,247,0.23,Maintenance_Needed
DEV-0762,Respirateur,2482.3,35.1,38,4.98,1,1190.0,,42.3,1,2.29,198,0.6,Maintenance_Needed
DEV-0763,Échographe,7826.1,38.8,33,4.18,1,,0.55,,0,3.13,27,0.11,Out_of_Service
DEV-0764,Respirateur,5790.7,32.1,32,2.91,3,2037.0,,66.8,0,4.14,38,0.02,Maintenance_Needed
DEV-0765,Respirateur,9657.7,38.8,32,0.79,2,1643.0,,63.4,0,4.96,162,0.84,Failure_Imminent
DEV-0766,IRM,1687.9,49.8,43,1.73,9,1524.0,0.76,,0,3.41,331,0.08,Failure_Imminent
DEV-0767,Échographe,6827.6,35.6,32,2.82,2,,0.82,,0,4.68,263,0.94,Failure_Imminent
DEV-0768,ECG,8324.8,34.5,28,1.19,3,,,,1,0.34,329,0.56,Failure_Imminent
DEV-0769,Respirateur,9430.7,34.4,28,4.91,1,1425.0,,74.0,1,4.84,101,0.93,Failure_Imminent
DEV-0770,Respirateur,3458.0,31.5,33,0.39,0,1712.0,,92.7,0,1.77,145,0.09,Maintenance_Needed
DEV-0771,Moniteur,9109.2,35.4,33,1.26,2,,,50.8,0,0.91,81,0.45,Maintenance_Needed
DEV-0772,Échographe,7819.1,37.6,34,3.5,1,,0.73,,1,2.79,287,0.72,Maintenance_Needed
DEV-0773,Échographe,456.9,35.6,32,3.88,3,,0.73,,1,2.28,362,0.2,Failure_Imminent
DEV-0774,Respirateur,1492.3,33.0,36,4.2,3,1428.0,,34.2,1,4.21,273,0.74,Maintenance_Needed
DEV-0775,ECG,6971.4,40.4,37,0.49,1,,,,1,1.99,143,0.87,Normal
DEV-0776,IRM,6545.5,42.8,33,3.95,5,1300.0,0.72,,1,1.75,278,0.93,Maintenance_Needed
DEV-0777,ECG,415.9,37.4,20,2.91,1,,,,1,0.11,281,0.7,Maintenance_Needed
DEV-0778,Échographe,3742.2,37.8,40,3.65,2,,0.72,,0,1.87,331,0.82,Failure_Imminent
DEV-0779,Échographe,7879.9,39.7,30,1.3,1,,0.67,,1,2.9,288,0.27,Maintenance_Needed
DEV-0780,ECG,1261.9,36.2,40,2.09,2,,,,1,4.98,125,0.32,Failure_Imminent
DEV-0781,Échographe,1534.5,36.9,27,2.62,0,,0.68,,0,1.29,225,0.29,Maintenance_Needed
DEV-0782,Respirateur,3165.4,35.9,38,1.96,0,1887.0,,21.5,1,0.82,273,0.68,Maintenance_Needed
DEV-0783,Moniteur,6675.6,40.2,31,4.12,2,,,55.2,0,3.22,308,0.35,Failure_Imminent
DEV-0784,Échographe,123.2,39.2,32,0.74,1,,0.68,,1,4.77,24,0.74,Failure_Imminent
DEV-0785,ECG,2096.4,34.8,34,1.19,2,,,,1,1.52,238,0.24,Maintenance_Needed
DEV-0786,Moniteur,6398.2,35.9,25,2.62,2,,,64.1,0,2.17,348,0.64,Failure_Imminent
DEV-0787,Moniteur,3411.8,33.2,24,3.71,1,,,61.6,0,3.21,208,0.67,Maintenance_Needed
DEV-0788,Moniteur,4884.5,42.4,32,1.9,0,,,61.2,1,1.53,211,0.74,Maintenance_Needed
DEV-0789,IRM,9670.0,43.7,23,0.43,9,1787.0,0.64,,1,3.58,354,0.04,Failure_Imminent
DEV-0790,Respirateur,7292.1,33.1,36,4.19,1,1582.0,,84.8,0,3.47,4,0.08,Maintenance_Needed
DEV-0791,Respirateur,1832.2,37.5,33,3.86,2,1500.0,,60.4,0,0.19,246,0.38,Maintenance_Needed
DEV-0792,ECG,7828.2,40.6,31,1.45,1,,,,1,1.73,275,0.83,Maintenance_Needed
DEV-0793,IRM,5582.0,47.2,32,3.95,6,1730.0,0.94,,0,1.96,175,0.94,Failure_Imminent
DEV-0794,Échographe,9531.0,37.4,32,4.55,1,,0.57,,0,1.32,255,0.54,Out_of_Service
DEV-0795,ECG,9719.0,38.4,34,0.59,2,,,,0,2.67,265,0.74,Maintenance_Needed
DEV-0796,Moniteur,5399.6,34.6,31,0.94,2,,,85.1,1,4.69,251,0.14,Failure_Imminent
DEV-0797,IRM,5159.5,50.7,32,1.95,6,1682.0,0.72,,0,0.23,121,0.55,Failure_Imminent
DEV-0798,Moniteur,9346.8,37.6,23,0.62,0,,,62.4,1,2.25,122,0.66,Normal
DEV-0799,IRM,8323.9,44.5,31,1.52,4,1571.0,0.99,,0,3.0,303,0.31,Failure_Imminent
DEV-0800,Moniteur,4268.8,34.9,34,1.26,0,,,40.8,1,0.15,72,0.13,Normal
DEV-0801,Échographe,9522.5,37.5,30,2.3,4,,0.71,,0,3.98,323,0.57,Failure_Imminent
DEV-0802,ECG,3414.3,39.6,33,2.52,1,,,,0,3.56,170,0.45,Maintenance_Needed
DEV-0803,ECG,7773.2,38.3,27,1.53,1,,,,0,1.85,271,0.59,Maintenance_Needed
DEV-0804,Échographe,3814.7,33.8,24,1.85,3,,0.74,,1,2.34,138,0.02,Normal
DEV-0805,Moniteur,1767.1,38.8,34,0.42,5,,,28.9,1,0.67,119,0.07,Normal
DEV-0806,Moniteur,4659.0,36.8,38,2.69,4,,,39.9,1,1.34,141,0.36,Normal
DEV-0807,Échographe,7780.7,37.6,28,0.14,1,,0.62,,1,4.44,178,0.47,Normal
DEV-0808,Respirateur,5882.3,44.2,40,1.91,1,1374.0,,77.4,1,4.82,132,0.05,Failure_Imminent
DEV-0809,Respirateur,6569.3,33.9,24,3.29,4,1638.0,,71.8,1,2.46,188,0.9,Maintenance_Needed
DEV-0810,IRM,5653.5,46.4,39,1.85,3,1018.0,0.66,,1,4.5,363,0.5,Failure_Imminent
DEV-0811,Échographe,1776.5,37.6,20,2.0,1,,0.89,,0,4.58,189,0.7,Failure_Imminent
DEV-0812,Respirateur,1762.7,39.8,34,1.91,2,1747.0,,78.2,0,4.53,3,0.93,Failure_Imminent
DEV-0813,Échographe,2334.0,34.3,19,0.4,2,,0.87,,0,1.59,234,0.93,Maintenance_Needed
DEV-0814,Respirateur,2197.5,39.8,30,0.79,2,1543.0,,90.8,0,2.79,161,0.65,Maintenance_Needed
DEV-0815,Respirateur,3023.3,41.1,29,1.91,4,1234.0,,44.8,0,0.41,257,0.71,Maintenance_Needed
DEV-0816,Moniteur,8019.0,35.4,23,3.56,3,,,55.1,1,4.35,155,0.07,Normal
DEV-0817,Échographe,1439.8,33.4,29,2.76,3,,0.58,,1,2.91,266,0.83,Out_of_Service
DEV-0818,IRM,7824.7,40.1,24,4.49,7,1367.0,0.88,,1,2.03,204,0.52,Failure_Imminent
DEV-0819,Échographe,6980.7,36.5,29,1.63,1,,1.0,,0,1.89,103,0.65,Maintenance_Needed
DEV-0820,IRM,1067.3,48.6,30,0.44,6,1691.0,0.73,,0,2.65,353,0.36,Failure_Imminent
DEV-0821,IRM,3139.6,48.8,30,1.49,3,1157.0,0.53,,0,2.08,4,0.66,Out_of_Service
DEV-0822,Moniteur,7937.5,33.6,25,2.73,3,,,33.6,0,4.69,308,0.23,Failure_Imminent
DEV-0823,IRM,6415.3,46.7,24,1.93,7,2149.0,0.58,,0,0.15,61,0.97,Out_of_Service
DEV-0824,IRM,5110.4,44.9,33,4.62,7,1437.0,0.99,,1,2.29,273,0.93,Failure_Imminent
DEV-0825,Respirateur,6247.0,35.9,28,0.84,2,1457.0,,24.7,1,3.74,329,0.55,Failure_Imminent
DEV-0826,Échographe,2060.4,39.5,37,4.17,1,,0.81,,0,3.28,65,0.7,Maintenance_Needed
DEV-0827,Échographe,7572.9,40.0,23,3.78,2,,0.84,,1,2.22,23,0.13,Normal
DEV-0828,Moniteur,2973.5,37.8,26,4.08,7,,,78.3,0,0.1,353,0.8,Failure_Imminent
DEV-0829,Échographe,7325.8,39.2,32,3.52,2,,0.86,,0,4.15,355,0.07,Failure_Imminent
DEV-0830,IRM,8427.3,45.5,25,2.53,5,1307.0,0.69,,1,3.49,181,0.85,Maintenance_Needed
DEV-0831,Échographe,1700.0,39.9,34,4.92,4,,0.92,,0,1.35,336,0.67,Failure_Imminent
DEV-0832,Échographe,2554.6,34.3,25,2.63,0,,0.96,,1,1.4,261,0.82,Maintenance_Needed
DEV-0833,ECG,592.3,41.5,32,2.73,0,,,,1,1.72,11,0.55,Normal
DEV-0834,ECG,3389.6,44.3,32,1.02,3,,,,1,4.94,155,0.05,Failure_Imminent
DEV-0835,Échographe,1553.5,37.6,34,2.8,2,,0.66,,1,3.68,208,0.01,Maintenance_Needed
DEV-0836,Moniteur,563.5,33.3,33,2.42,1,,,39.7,0,2.11,15,0.37,Maintenance_Needed
DEV-0837,IRM,4999.5,45.6,25,3.24,8,1382.0,0.96,,1,2.03,103,0.32,Failure_Imminent
DEV-0838,Respirateur,2192.3,43.3,28,3.62,3,1531.0,,90.2,0,0.41,114,0.86,Maintenance_Needed
DEV-0839,IRM,7192.2,41.8,31,2.16,3,2185.0,0.82,,1,4.23,76,0.54,Normal
DEV-0840,Moniteur,7563.3,33.7,20,3.1,1,,,78.6,0,0.71,315,0.81,Failure_Imminent
DEV-0841,Échographe,7433.1,39.3,22,2.6,2,,0.68,,1,1.13,118,0.24,Normal
DEV-0842,IRM,1751.4,45.6,29,3.68,6,1543.0,0.65,,0,3.19,173,0.54,Failure_Imminent
DEV-0843,IRM,8574.0,42.3,46,3.07,6,1560.0,0.57,,1,3.24,262,0.1,Out_of_Service
DEV-0844,Échographe,8582.9,37.3,33,3.78,4,,0.66,,1,3.51,50,0.06,Normal
DEV-0845,ECG,9678.4,38.9,30,2.17,3,,,,1,0.13,275,0.5,Maintenance_Needed
DEV-0846,Respirateur,5642.1,35.4,30,4.73,0,1493.0,,67.3,1,3.43,276,0.4,Maintenance_Needed
DEV-0847,Moniteur,7663.3,38.3,28,1.87,2,,,40.3,0,2.06,340,0.89,Failure_Imminent
DEV-0848,ECG,5936.2,33.6,33,1.85,3,,,,1,1.1,227,0.41,Maintenance_Needed
DEV-0849,IRM,7854.8,41.2,37,3.51,4,2162.0,0.79,,1,2.47,345,0.1,Failure_Imminent
DEV-0850,Moniteur,3380.6,33.9,37,1.86,1,,,84.4,0,3.86,176,0.86,Maintenance_Needed
DEV-0851,ECG,4207.3,35.3,31,3.93,2,,,,0,0.67,98,0.9,Maintenance_Needed
DEV-0852,IRM,8859.7,45.8,27,1.15,5,1542.0,0.96,,0,1.21,182,0.31,Maintenance_Needed
DEV-0853,Échographe,8124.6,35.7,31,1.37,0,,0.92,,0,1.69,274,0.42,Maintenance_Needed
DEV-0854,Échographe,6739.2,35.2,28,4.58,1,,0.56,,1,3.57,125,0.4,Out_of_Service
DEV-0855,Respirateur,1214.4,40.3,31,4.11,7,1431.0,,42.9,0,1.82,24,0.87,Failure_Imminent
DEV-0856,Respirateur,4258.5,35.1,41,0.25,0,1426.0,,26.3,1,4.11,307,0.22,Failure_Imminent
DEV-0857,ECG,9199.2,40.4,35,4.9,2,,,,1,2.09,266,0.72,Maintenance_Needed
DEV-0858,ECG,3676.4,38.7,32,3.69,3,,,,0,1.98,110,0.14,Maintenance_Needed
DEV-0859,Échographe,9459.6,38.0,33,2.09,1,,0.5,,1,0.83,351,0.87,Out_of_Service
DEV-0860,ECG,8832.5,32.9,25,4.41,1,,,,1,4.32,9,0.25,Normal
DEV-0861,Moniteur,7166.4,34.2,22,4.77,1,,,69.5,1,4.65,54,0.66,Failure_Imminent
DEV-0862,IRM,6075.3,45.7,36,0.29,5,1418.0,0.69,,0,2.95,138,0.52,Maintenance_Needed
DEV-0863,ECG,3825.0,39.9,40,4.15,2,,,,1,0.18,57,0.51,Normal
DEV-0864,Respirateur,5033.4,37.4,33,0.67,1,1413.0,,40.6,0,0.95,4,0.95,Maintenance_Needed
DEV-0865,Respirateur,1657.0,37.6,32,1.33,2,1491.0,,37.3,1,0.75,240,0.87,Maintenance_Needed
DEV-0866,Échographe,6175.2,33.8,32,1.85,2,,0.65,,1,2.04,253,0.19,Maintenance_Needed
DEV-0867,Moniteur,2678.5,40.8,35,1.67,0,,,60.9,1,2.95,226,0.91,Maintenance_Needed
DEV-0868,IRM,5401.8,49.4,25,4.16,7,1359.0,0.95,,0,3.92,357,0.88,Failure_Imminent
DEV-0869,Respirateur,2511.2,35.9,32,3.54,4,1441.0,,44.3,0,2.25,133,0.2,Maintenance_Needed
DEV-0870,Respirateur,8642.9,36.0,21,0.26,0,1390.0,,52.0,1,0.97,223,0.02,Maintenance_Needed
DEV-0871,Respirateur,2093.3,40.0,34,1.06,1,1307.0,,51.5,0,3.29,115,0.5,Maintenance_Needed
DEV-0872,Échographe,9837.2,36.4,28,0.37,2,,0.92,,1,4.87,201,0.94,Failure_Imminent
DEV-0873,ECG,4779.8,40.2,31,0.5,2,,,,1,2.4,95,0.99,Normal
DEV-0874,IRM,7020.9,39.6,32,0.36,6,2163.0,0.89,,1,1.28,250,0.74,Failure_Imminent
DEV-0875,ECG,4263.4,35.4,37,3.1,3,,,,0,4.11,85,0.76,Maintenance_Needed
DEV-0876,Moniteur,9531.0,35.4,30,3.16,5,,,95.4,1,0.23,293,0.95,Maintenance_Needed
DEV-0877,Respirateur,9342.2,37.2,28,3.23,0,1034.0,,53.0,0,3.46,90,0.66,Maintenance_Needed
DEV-0878,IRM,7111.8,48.6,32,2.58,6,1633.0,0.71,,0,3.8,193,0.9,Failure_Imminent
DEV-0879,IRM,3848.2,45.1,32,3.81,4,1238.0,0.96,,0,0.1,201,0.26,Maintenance_Needed
DEV-0880,Échographe,8039.8,41.2,29,1.18,1,,0.67,,0,1.77,277,0.75,Maintenance_Needed
DEV-0881,Respirateur,8480.8,36.6,43,3.2,2,1670.0,,25.7,0,1.5,273,0.96,Maintenance_Needed
DEV-0882,Moniteur,7085.7,38.7,23,2.88,2,,,61.5,0,3.99,343,0.11,Failure_Imminent
DEV-0883,ECG,6382.1,37.0,36,3.89,2,,,,0,0.37,188,0.43,Maintenance_Needed
DEV-0884,IRM,3454.9,45.2,39,3.14,4,1581.0,0.98,,0,2.31,217,0.54,Maintenance_Needed
DEV-0885,Échographe,9742.2,36.5,40,3.83,4,,0.99,,1,3.36,112,0.48,Normal
DEV-0886,Respirateur,5224.9,39.3,31,1.07,0,1093.0,,86.2,0,1.66,282,0.46,Maintenance_Needed
DEV-0887,Respirateur,9151.0,35.7,35,1.27,3,1740.0,,20.3,0,1.13,8,0.57,Maintenance_Needed
DEV-0888,Respirateur,8708.8,39.0,30,1.08,1,1612.0,,71.9,1,4.96,256,0.62,Failure_Imminent
DEV-0889,IRM,239.4,42.7,21,4.26,2,1471.0,0.84,,0,1.28,162,0.5,Maintenance_Needed
DEV-0890,ECG,4131.9,34.3,28,2.27,2,,,,1,2.3,220,0.33,Maintenance_Needed
DEV-0891,IRM,2522.5,47.8,26,0.34,3,1237.0,0.67,,0,2.82,349,0.67,Failure_Imminent
DEV-0892,Échographe,5288.7,34.3,25,2.2,4,,0.6,,1,4.23,202,0.84,Maintenance_Needed
DEV-0893,ECG,7791.4,38.1,29,2.9,0,,,,1,0.42,50,0.01,Normal
DEV-0894,Échographe,5860.9,39.1,27,2.82,1,,0.56,,0,3.39,14,0.05,Out_of_Service
DEV-0895,IRM,7073.2,41.8,30,3.99,5,1112.0,0.81,,0,0.07,311,0.08,Failure_Imminent
DEV-0896,ECG,8674.9,37.4,28,2.29,2,,,,0,3.09,340,0.15,Failure_Imminent
DEV-0897,Moniteur,6654.7,35.5,40,2.89,2,,,55.9,0,1.22,235,0.81,Maintenance_Needed
DEV-0898,ECG,8439.4,35.0,24,0.95,3,,,,0,2.39,96,0.93,Maintenance_Needed
DEV-0899,Respirateur,9434.1,38.0,19,2.85,3,1761.0,,99.0,0,2.06,149,0.23,Maintenance_Needed
DEV-0900,IRM,4484.1,45.7,38,1.92,8,1342.0,0.67,,0,2.52,252,0.77,Failure_Imminent
DEV-0901,Échographe,6317.2,38.9,32,3.08,0,,0.87,,0,0.01,170,0.46,Maintenance_Needed
DEV-0902,IRM,1868.5,42.6,26,2.92,4,1682.0,0.54,,1,0.56,360,0.64,Out_of_Service
DEV-0903,Respirateur,2402.5,31.0,35,0.88,0,1285.0,,25.9,0,4.37,33,0.01,Maintenance_Needed
DEV-0904,Respirateur,6262.2,36.7,39,1.22,2,1874.0,,55.4,1,4.55,238,0.05,Failure_Imminent
DEV-0905,IRM,9907.1,39.3,31,2.3,4,1722.0,0.77,,1,3.77,120,0.36,Normal
DEV-0906,IRM,3189.7,47.8,33,2.66,4,1203.0,0.95,,1,3.34,222,0.72,Maintenance_Needed
DEV-0907,IRM,6384.4,40.5,38,3.67,4,1199.0,0.97,,1,3.15,259,0.73,Maintenance_Needed
DEV-0908,ECG,765.5,35.6,38,2.26,0,,,,1,1.32,306,0.64,Failure_Imminent
DEV-0909,ECG,4836.5,40.5,21,0.77,2,,,,0,2.19,83,0.15,Maintenance_Needed
DEV-0910,ECG,7746.8,42.8,28,0.58,3,,,,1,0.24,262,0.43,Maintenance_Needed
DEV-0911,Moniteur,7484.7,34.2,41,0.82,1,,,54.0,0,1.58,184,0.98,Maintenance_Needed
DEV-0912,Échographe,908.0,38.3,31,2.63,4,,0.9,,0,2.5,190,0.17,Maintenance_Needed
DEV-0913,Respirateur,6006.0,36.6,39,0.74,0,1202.0,,99.1,0,3.37,310,0.04,Failure_Imminent
DEV-0914,IRM,1085.8,47.1,33,3.08,6,2126.0,0.59,,1,3.34,340,0.16,Out_of_Service
DEV-0915,Échographe,3228.1,44.3,29,3.8,3,,0.75,,1,3.37,9,0.74,Normal
DEV-0916,ECG,7183.4,34.2,28,3.41,1,,,,0,2.21,14,0.56,Maintenance_Needed
DEV-0917,ECG,9669.4,40.3,33,4.38,1,,,,1,0.49,120,0.15,Normal
DEV-0918,IRM,6473.2,52.2,34,1.61,5,1592.0,0.81,,1,3.72,45,0.22,Normal
DEV-0919,Moniteur,3789.1,36.6,21,2.16,0,,,40.1,1,1.58,167,0.09,Normal
DEV-0920,Échographe,7761.0,35.1,34,3.7,1,,0.98,,0,2.07,82,0.45,Maintenance_Needed
DEV-0921,Moniteur,8838.9,36.1,24,0.35,1,,,83.2,1,1.43,224,0.27,Maintenance_Needed
DEV-0922,ECG,8382.0,32.5,26,4.47,1,,,,1,0.89,100,0.34,Normal
DEV-0923,IRM,8037.3,47.6,23,2.75,6,1748.0,0.62,,1,4.21,102,0.94,Failure_Imminent
DEV-0924,Échographe,5310.5,38.0,25,4.07,4,,0.54,,1,1.84,46,0.27,Out_of_Service
DEV-0925,Respirateur,375.7,37.2,24,1.96,1,1443.0,,86.9,0,1.3,67,0.1,Maintenance_Needed
DEV-0926,IRM,7038.4,47.0,34,1.73,7,1856.0,0.92,,0,0.91,34,0.68,Failure_Imminent
DEV-0927,IRM,5606.3,43.8,37,2.89,5,823.0,0.76,,0,2.79,248,0.94,Maintenance_Needed
DEV-0928,Moniteur,3347.2,36.0,29,1.51,2,,,66.6,0,4.78,111,0.71,Failure_Imminent
DEV-0929,Respirateur,1686.8,37.0,25,3.2,0,1347.0,,81.5,0,2.17,113,0.38,Maintenance_Needed
DEV-0930,IRM,2706.9,43.0,27,0.44,9,1712.0,0.78,,0,2.31,283,0.22,Failure_Imminent
DEV-0931,Respirateur,9062.8,37.0,22,4.48,2,1349.0,,65.2,1,0.42,225,0.89,Maintenance_Needed
DEV-0932,Échographe,6442.1,31.7,29,2.14,5,,0.74,,0,0.62,115,0.32,Maintenance_Needed
DEV-0933,IRM,764.1,44.7,32,3.31,5,1119.0,0.68,,1,3.1,214,0.86,Maintenance_Needed
DEV-0934,Échographe,3742.8,37.1,25,4.34,5,,0.53,,0,2.54,187,0.62,Out_of_Service
DEV-0935,Respirateur,7352.3,36.7,20,4.17,0,1428.0,,29.8,1,3.62,124,0.33,Normal
DEV-0936,IRM,6672.8,50.5,25,4.51,5,1648.0,0.61,,0,0.18,233,0.46,Maintenance_Needed
DEV-0937,IRM,2515.8,49.7,34,0.3,3,1521.0,0.88,,1,3.64,297,0.6,Maintenance_Needed
DEV-0938,Respirateur,4846.8,39.5,23,0.79,2,1393.0,,68.4,1,4.22,291,0.19,Maintenance_Needed
DEV-0939,ECG,2731.9,37.6,29,3.59,4,,,,0,0.12,125,0.39,Maintenance_Needed
DEV-0940,IRM,9191.3,45.4,26,1.64,1,1581.0,0.69,,0,3.79,136,0.47,Maintenance_Needed
DEV-0941,Échographe,9880.5,38.6,19,2.93,3,,0.68,,0,4.43,327,0.84,Failure_Imminent
DEV-0942,ECG,1101.1,42.5,37,0.25,2,,,,1,2.76,113,0.09,Normal
DEV-0943,IRM,2627.7,46.7,29,3.32,5,1454.0,0.64,,0,4.27,188,0.55,Maintenance_Needed
DEV-0944,Échographe,5667.1,38.4,33,0.77,1,,0.95,,0,3.68,223,0.06,Maintenance_Needed
DEV-0945,Moniteur,1591.9,32.8,32,4.21,1,,,56.8,1,3.23,119,0.77,Normal
DEV-0946,IRM,3339.5,45.2,30,4.5,4,1477.0,0.76,,1,4.93,281,0.5,Failure_Imminent
DEV-0947,Moniteur,9406.0,39.0,19,0.95,1,,,80.1,0,3.22,110,0.15,Maintenance_Needed
DEV-0948,IRM,580.9,48.4,34,2.13,8,1690.0,0.94,,1,3.04,212,0.96,Failure_Imminent
DEV-0949,Moniteur,6281.6,38.3,27,1.08,0,,,75.1,0,1.84,364,0.13,Failure_Imminent
DEV-0950,IRM,6627.5,48.5,39,4.61,6,1458.0,0.98,,0,4.68,283,0.07,Failure_Imminent
DEV-0951,Respirateur,3977.4,38.1,25,0.19,0,1932.0,,83.2,0,3.32,37,0.11,Maintenance_Needed
DEV-0952,Respirateur,7147.5,33.6,28,2.99,2,1206.0,,41.9,0,0.54,227,0.04,Maintenance_Needed
DEV-0953,Respirateur,5851.2,29.2,21,0.26,3,1659.0,,57.5,0,3.37,164,0.05,Maintenance_Needed
DEV-0954,Respirateur,9912.9,39.4,32,1.55,2,1292.0,,47.5,0,3.99,248,0.06,Maintenance_Needed
DEV-0955,IRM,544.6,45.9,24,4.67,6,1124.0,0.53,,1,3.62,10,0.83,Out_of_Service
DEV-0956,Respirateur,6688.1,36.9,25,2.63,3,2059.0,,26.1,0,2.25,168,0.25,Maintenance_Needed
DEV-0957,Échographe,6336.3,38.2,26,4.7,1,,0.96,,0,4.24,339,0.93,Failure_Imminent
DEV-0958,Moniteur,2126.7,34.1,33,2.04,2,,,57.7,0,3.38,159,0.84,Maintenance_Needed
DEV-0959,Respirateur,6975.2,39.0,26,3.71,1,1456.0,,92.9,1,1.9,355,0.52,Failure_Imminent
DEV-0960,Échographe,8057.8,41.0,32,3.29,2,,0.98,,1,0.36,218,0.22,Maintenance_Needed
DEV-0961,IRM,8614.6,46.5,32,2.25,5,1164.0,0.92,,1,2.27,328,0.76,Failure_Imminent
DEV-0962,Échographe,7019.0,36.9,22,2.44,0,,0.89,,1,2.22,281,0.4,Maintenance_Needed
DEV-0963,Moniteur,7734.2,32.8,30,0.11,3,,,33.2,0,4.43,266,0.25,Maintenance_Needed
DEV-0964,Moniteur,5181.4,36.6,20,3.51,1,,,29.8,0,4.02,308,0.4,Failure_Imminent
DEV-0965,IRM,9912.7,45.3,24,2.77,5,1235.0,0.83,,0,3.0,230,0.5,Maintenance_Needed
DEV-0966,Échographe,4582.2,32.1,37,1.77,1,,0.91,,0,1.76,336,0.61,Failure_Imminent
DEV-0967,IRM,3912.7,46.4,32,0.16,5,1555.0,0.73,,0,4.19,361,0.28,Failure_Imminent
DEV-0968,Moniteur,1545.6,39.7,36,2.74,2,,,64.4,0,4.31,362,0.66,Failure_Imminent
DEV-0969,Moniteur,6188.4,40.1,28,0.96,3,,,79.0,0,0.94,363,0.82,Failure_Imminent
DEV-0970,Respirateur,9836.9,39.6,29,1.07,2,1529.0,,45.6,0,1.43,160,0.55,Maintenance_Needed
DEV-0971,ECG,1927.4,37.3,32,1.99,3,,,,0,2.02,304,0.25,Failure_Imminent
DEV-0972,IRM,8143.3,49.9,33,4.15,3,1278.0,0.75,,0,0.14,177,0.73,Maintenance_Needed
DEV-0973,Échographe,8051.3,38.8,30,4.54,4,,0.79,,1,0.8,154,0.43,Normal
DEV-0974,ECG,6427.3,36.7,27,1.97,5,,,,1,2.88,270,0.58,Maintenance_Needed
DEV-0975,Échographe,2306.1,40.3,39,1.85,2,,0.93,,1,1.88,330,0.0,Failure_Imminent
DEV-0976,Moniteur,7295.7,33.7,32,4.86,1,,,29.2,1,0.22,218,0.96,Maintenance_Needed
DEV-0977,Moniteur,7663.6,38.3,33,0.25,1,,,72.1,1,2.24,58,0.11,Normal
DEV-0978,IRM,412.2,45.8,35,0.32,2,1610.0,0.94,,0,2.25,320,0.36,Failure_Imminent
DEV-0979,Moniteur,5822.6,34.0,32,2.78,2,,,77.9,1,4.88,147,0.08,Failure_Imminent
DEV-0980,Moniteur,7496.3,30.2,26,3.83,3,,,91.6,0,2.05,252,0.28,Maintenance_Needed
DEV-0981,Échographe,6063.6,41.5,19,3.29,3,,0.81,,0,3.62,119,0.11,Maintenance_Needed
DEV-0982,Respirateur,6404.5,43.5,25,1.65,1,1783.0,,85.1,1,2.73,254,0.46,Maintenance_Needed
DEV-0983,Échographe,8246.2,40.3,38,1.14,1,,0.55,,0,4.15,168,0.48,Out_of_Service
DEV-0984,Respirateur,8720.0,36.8,27,1.8,3,1206.0,,23.1,1,2.2,276,0.68,Maintenance_Needed
DEV-0985,Échographe,669.8,39.9,29,4.91,2,,0.73,,0,1.24,271,0.38,Maintenance_Needed
DEV-0986,Respirateur,7278.7,38.0,32,3.75,3,1721.0,,82.1,1,1.36,182,0.11,Maintenance_Needed
DEV-0987,Respirateur,4848.1,42.0,31,1.62,6,1048.0,,94.9,0,1.27,167,0.36,Failure_Imminent
DEV-0988,IRM,5883.2,44.4,26,4.34,5,1117.0,0.92,,1,4.93,179,0.75,Failure_Imminent
DEV-0989,IRM,8861.9,47.7,30,4.48,8,1549.0,0.97,,0,3.47,158,0.72,Failure_Imminent
DEV-0990,Échographe,6486.0,35.3,39,4.94,2,,0.93,,0,2.91,277,0.44,Maintenance_Needed
DEV-0991,Respirateur,1296.0,35.9,20,3.26,4,905.0,,44.8,0,0.19,78,0.43,Maintenance_Needed
DEV-0992,Moniteur,533.0,36.1,38,0.13,1,,,64.3,1,1.0,239,0.87,Maintenance_Needed
DEV-0993,Échographe,7406.3,41.2,25,1.59,0,,0.73,,1,3.01,178,0.93,Normal
DEV-0994,Moniteur,3715.4,39.1,35,1.62,2,,,50.5,1,4.08,121,0.62,Normal
DEV-0995,Échographe,4049.5,34.8,31,2.84,3,,0.5,,1,4.85,138,0.05,Out_of_Service
DEV-0996,ECG,4211.3,41.2,31,0.26,5,,,,1,1.7,246,0.27,Maintenance_Needed
DEV-0997,Moniteur,69.3,34.9,39,1.52,3,,,55.7,1,0.78,13,0.94,Normal
DEV-0998,Respirateur,996.2,38.9,22,1.24,0,1883.0,,63.3,0,0.12,219,0.81,Maintenance_Needed
DEV-0999,IRM,1478.2,47.5,33,1.9,1,1450.0,0.55,,0,2.87,201,0.03,Out_of_Service
